"price";"Overall.Qual";"Garage.Area";"Total.Bsmt.SF";"X1st.Flr.SF";"Full.Bath";"AgeofHouse";"Mas.Vnr.Area";"TotRms.AbvGrd";"Fireplaces";"Wood.Deck.SF";"Neighborhood"
5.258;7;6.413;11.006;11.634;2;1;1.2;7;1;3.747;"Blmngtn"
5.205;7;5.977;10.151;10.151;2;1;0.995;5;1;3;"Blmngtn"
5.288;7;7.637;10.64;11.233;0;0;2.546;7;1;3.286;"Blmngtn"
5.423;8;7.637;11.696;11.876;2;0;0;7;1;5.299;"Blmngtn"
5.267;8;7.336;9.401;9.647;1;5;0;4;1;3.562;"Blueste"
5.045;6;4.874;6.593;6.593;1;8;6.735;5;0;0;"BrDale"
5.072;6;4.874;6.593;6.593;1;1;6.775;5;0;4.743;"BrDale"
5.025;5;6.293;7.53;7.53;2;8;5.231;6;0;0;"BrDale"
4.961;6;0;7.777;7.777;1;7;4.609;7;0;4.253;"BrDale"
5.321;7;5.324;9.986;10.218;1;1;0;8;1;0;"BrkSide"
4.94;4;4.243;8.298;8.298;1;12;0;4;0;3.486;"BrkSide"
5.141;5;6.573;9.139;9.139;2;12;0;7;1;0;"BrkSide"
5.041;5;5.628;7.988;9.387;1;12;3.807;5;1;0;"BrkSide"
5.137;5;5.499;5.17;9.492;2;6;0;7;1;4.686;"BrkSide"
5.083;6;4.157;9.256;9.256;1;12;0;4;1;0;"BrkSide"
5.122;6;5.02;8.379;8.617;1;12;0;6;1;2.012;"BrkSide"
4.968;5;5.367;6.49;8.601;1;12;6.321;6;0;0;"BrkSide"
5.151;5;7.2;9.134;9.799;1;12;0;5;0;3.175;"BrkSide"
5.061;5;4.874;9.295;9.463;1;2;0;5;0;0;"BrkSide"
5.331;6;6.3;8.716;11.404;2;3;0;10;0;0;"BrkSide"
4.86;3;5.082;0;8.05;1;12;0;4;0;0;"BrkSide"
5.021;6;4.648;8.155;8.869;2;12;0;7;1;0;"BrkSide"
5.107;6;6.722;7.416;8.221;2;2;0;6;0;0;"BrkSide"
5.316;6;5.771;8.659;9.735;1;2;0;8;1;0;"BrkSide"
5.265;7;4.648;9.609;10.098;2;12;0;8;0;0;"BrkSide"
4.81;3;0;7.742;7.742;1;12;0;4;0;0;"BrkSide"
5.322;6;6.293;9.79;9.075;1;12;0;6;1;0;"BrkSide"
4.954;5;7.2;8.216;9.295;1;12;0;7;0;0;"BrkSide"
5.186;6;5.879;7.926;7.926;1;1;0;7;0;0;"BrkSide"
4.903;4;6.893;7.348;8.199;1;11;3.118;5;0;0;"BrkSide"
5.147;6;5.299;9.353;9.353;1;12;0;6;1;0;"BrkSide"
5.061;5;4.648;8.98;8.98;1;12;0;7;0;4.243;"BrkSide"
5.031;5;4.025;7.875;8.078;1;12;0;6;0;0;"ClearCr"
5.516;7;6.926;10.842;10.842;2;3;0;7;0;5.161;"ClearCr"
5.267;5;6.958;9.548;10.218;2;9;0;7;0;6.614;"ClearCr"
5.238;6;6.228;10.779;10.779;1;3;0;6;1;5.256;"ClearCr"
5.283;7;6.742;10.218;10.2;2;7;5.187;8;1;5.091;"ClearCr"
5.383;7;6.286;11.165;11.076;1;1;0;5;2;2.7;"ClearCr"
5.408;4;6.9;11.08;12.234;1;3;0;6;2;4.49;"ClearCr"
5.407;6;6.887;10.767;14.764;3;3;5.196;6;2;0;"ClearCr"
5.215;5;7.194;9.487;9.487;1;9;0;4;2;4.628;"ClearCr"
5.104;5;6.6;8.879;8.879;1;8;0;5;0;0;"CollgCr"
5.38;7;7.476;9.675;9.693;2;3;0;9;1;5.458;"CollgCr"
5.51;9;10.12;11.83;12.296;1;0;4.667;8;1;4.08;"CollgCr"
5.521;9;8.726;12.442;12.442;2;1;5.724;8;1;4.327;"CollgCr"
5.342;7;7.707;12.015;12.015;2;1;4.025;8;1;3.327;"CollgCr"
5.346;8;8.538;10.624;10.624;2;1;3.55;5;0;3.888;"CollgCr"
5.326;7;7.036;8.48;8.627;2;3;0;6;1;3.771;"CollgCr"
5.161;5;7.777;9.936;9.936;1;3;0;6;0;5.94;"CollgCr"
5.307;7;7.206;11.349;11.4;2;2;2.474;6;0;3.6;"CollgCr"
5.13;5;6.321;9.07;9.07;1;6;1.897;5;0;0;"CollgCr"
5.374;8;6.854;12.561;12.685;2;2;0;7;1;4.264;"CollgCr"
5.279;7;7.162;11.619;11.619;2;1;4.347;6;0;4.157;"CollgCr"
5.239;6;6.971;8.15;8.15;2;1;0;7;0;3;"CollgCr"
5.597;9;8.869;12.553;12.607;2;0;6.015;8;2;4.409;"CollgCr"
5.19;5;6.893;9.439;9.439;1;3;0;5;0;3.888;"CollgCr"
5.158;5;5.628;9.945;9.945;1;1;0;6;0;5.002;"CollgCr"
5.334;6;7.348;8.818;8.859;2;3;3.394;6;0;0;"CollgCr"
5.156;5;7.2;9.841;9.841;1;7;3.98;5;1;0;"CollgCr"
5.041;5;5.02;9.119;9.119;1;7;0;5;0;0;"CollgCr"
5.362;8;7.707;9.506;9.506;2;2;5.367;7;2;4.49;"CollgCr"
5.438;9;8.078;11.051;11.088;2;2;3.473;7;1;3.888;"CollgCr"
5.477;8;8.022;12.65;12.678;2;1;4.648;6;1;4.047;"CollgCr"
5.316;8;7.099;8.746;8.93;2;2;4.157;7;1;3.286;"CollgCr"
5.32;6;6.762;11.533;11.592;2;2;4.399;7;1;3.55;"CollgCr"
5.267;6;8.055;12.862;12.862;2;2;0;8;0;3.795;"CollgCr"
5.271;7;6.504;11.404;11.404;2;1;2.121;6;0;0;"CollgCr"
5.243;6;6.688;7.56;7.625;2;1;0;6;0;3.575;"CollgCr"
5.164;5;5.879;9.439;9.439;1;3;0;5;0;4.8;"CollgCr"
5.092;4;0;9.439;9.439;1;3;0;5;0;0;"CollgCr"
5.372;7;7.33;9.43;9.43;2;2;0;7;1;4.264;"CollgCr"
5.117;5;6.293;8.818;8.97;1;7;0;5;0;0;"CollgCr"
5.186;5;5.771;9.558;9.605;2;7;3.189;6;1;3.381;"CollgCr"
5.086;5;6.293;9.339;9.339;1;7;0;5;0;0;"CollgCr"
5.104;5;7.2;8.818;8.818;1;2;0;5;0;3.735;"CollgCr"
5.431;7;7.244;12.271;12.271;2;2;0;7;1;5.248;"CollgCr"
5.439;8;7.099;11.738;11.738;2;2;4.8;7;1;4.069;"CollgCr"
5.38;8;7.074;10.479;10.479;2;3;6.279;8;1;0;"CollgCr"
5.267;7;6.913;10.97;10.97;2;1;0;6;0;0;"CollgCr"
5.254;7;7.048;8.15;8.15;2;0;0;7;0;0;"CollgCr"
5.329;7;7.584;9.193;9.193;2;1;0;8;0;3.6;"CollgCr"
5.254;7;7.506;11.313;11.313;2;1;3.089;7;0;4.157;"CollgCr"
5.225;6;6.271;10.941;10.941;2;0;0;6;1;0;"CollgCr"
5.227;7;6.6;8.15;8.15;2;1;0;7;1;3;"CollgCr"
5.322;7;7.578;9.222;9.222;2;0;0;8;0;3.6;"CollgCr"
5.258;7;7.409;8.4;8.4;2;1;6.92;6;0;3.6;"CollgCr"
5.17;5;7.2;8.849;9.07;1;2;0;5;0;0;"CollgCr"
5.161;5;6.448;9.95;9.95;1;2;0;5;0;0;"CollgCr"
5.371;7;6.978;11.715;11.715;2;2;4.686;6;0;4.44;"CollgCr"
5.336;6;7.2;11.537;11.596;2;2;0;6;0;3.888;"CollgCr"
5.33;7;6.518;11.955;11.955;2;2;4.058;6;0;3.771;"CollgCr"
5.292;7;6.808;8.705;8.777;2;2;0;7;0;3.55;"CollgCr"
5.312;7;8.71;11.777;11.777;2;1;3.674;6;1;6.49;"CollgCr"
5.109;5;5.196;9.348;9.348;1;8;0;5;1;0;"CollgCr"
5.176;5;7.048;8.97;8.97;1;7;0;5;0;4.8;"CollgCr"
5.342;8;6.134;11.015;11.055;1;1;0;5;1;2.474;"CollgCr"
5.362;7;9;12.201;12.201;2;1;5.153;6;0;0;"CollgCr"
5.356;7;7.068;9.74;9.813;2;2;4.52;8;1;3.394;"CollgCr"
5.375;7;7.409;9.149;9.247;2;2;0;8;1;4.975;"CollgCr"
5.316;7;7.004;11.185;11.185;2;1;0;7;0;0;"CollgCr"
5.292;7;7.175;8.4;8.4;2;1;0;6;0;3.6;"CollgCr"
5.217;7;6;10.858;10.858;2;1;0;6;1;0;"CollgCr"
5.308;7;6.525;6.17;8.98;2;1;1.99;6;0;0;"Crawfor"
5.391;8;6.874;11.977;12.171;2;1;4.091;5;1;3.394;"Crawfor"
5.249;6;4.378;8.33;8.232;1;12;0;7;2;0;"Crawfor"
5.204;5;4.8;8.094;9.372;1;12;0;7;2;0;"Crawfor"
5.19;5;5.256;10.704;10.704;1;10;0;5;0;6.593;"Crawfor"
5.346;6;6.971;8.899;12.296;2;1;4.837;5;1;5.126;"Crawfor"
5.161;6;5.763;7.613;7.777;1;12;0;6;1;0;"Crawfor"
5.281;6;7.777;7.275;11.317;2;3;0;11;1;6.228;"Crawfor"
5.169;6;6;7.8;7.8;1;3;0;6;0;6.177;"Crawfor"
5.581;8;9.553;8.094;13.309;3;3;7.542;11;2;5.316;"Crawfor"
5.493;7;6.228;8.475;10.116;1;1;5.299;8;2;0;"Crawfor"
5.374;5;6.6;13.07;13.07;2;11;0;7;2;0;"Crawfor"
4.985;5;4.243;8.314;8.427;1;12;0;5;0;0;"Crawfor"
5.13;6;4.5;7.857;7.857;1;4;0;6;1;0;"Crawfor"
5.078;5;4.648;9.099;9.266;1;12;0;5;1;0;"Crawfor"
5.555;8;5.848;9.319;13.214;2;2;0;10;2;0;"Crawfor"
5.414;6;4.025;9.619;11.368;2;1;0;9;1;4.49;"Crawfor"
5.332;6;7.048;11.572;11.572;2;8;0;7;2;0;"Crawfor"
5.146;7;7.601;8.249;9.3;1;8;0;7;1;0;"Crawfor"
5.3;7;7.219;7.572;9.29;1;4;0;8;2;0;"Crawfor"
5.41;5;5.548;10.253;10.725;2;9;6.037;9;3;0;"Crawfor"
5.093;3;6.573;9.353;9.73;2;4;0;8;1;0;"Edwards"
5.111;5;7.324;10.147;10.147;1;11;0;6;0;1.99;"Edwards"
4.929;3;4.648;0;7.589;1;1;0;5;0;0;"Edwards"
5.158;5;5.499;10.375;10.375;1;9;0;6;0;4.809;"Edwards"
5.098;6;5.628;9.525;9.932;1;7;0;5;1;0;"Edwards"
5.053;6;4.45;8.133;8.475;1;12;0;7;1;0;"Edwards"
4.767;3;4.243;8.818;8.818;1;12;0;5;0;0;"Edwards"
4.785;1;0;7.84;9.02;0;12;0;4;0;0;"Edwards"
5.015;6;5.196;7.777;7.92;2;12;0;6;0;3.637;"Edwards"
5.145;3;6.378;0;12.489;2;11;0;8;1;0;"Edwards"
5.086;4;6.695;0;11.157;1;11;0;6;0;0;"Edwards"
4.778;5;5.612;10.716;10.716;1;11;0;5;0;0;"Edwards"
5.145;5;4.893;9.716;9.716;2;5;3.662;5;0;0;"Edwards"
5.097;6;5.628;9.679;10.062;1;7;4.791;6;1;5.161;"Edwards"
5.072;5;0;7.926;7.926;1;1;0;4;0;0;"Edwards"
4.914;3;6.893;0;9.217;1;12;0;4;0;0;"Edwards"
5.079;5;0;12.289;12.289;2;10;2.581;10;0;0;"Edwards"
5.106;5;0;7.613;8.528;2;2;0;6;0;3.55;"Edwards"
4.898;6;0;7.175;7.175;1;12;0;5;0;0;"Edwards"
4.929;5;0;8.464;8.464;1;12;0;4;0;5.433;"Edwards"
5.13;6;6.573;10.071;10.071;1;7;2.75;6;1;0;"Edwards"
5.246;4;6.371;10.094;10.094;1;1;0;5;0;4.762;"Edwards"
4.914;4;0;0;10.182;2;11;0;6;0;0;"Edwards"
4.916;4;0;0;10.182;2;11;2.285;6;0;0;"Edwards"
4.982;5;0;0;9.144;1;3;0;8;0;0;"Edwards"
5.116;5;4.648;8.314;8.314;1;3;0;6;0;0;"Edwards"
4.826;3;0;8.818;8.818;1;12;0;5;0;0;"Edwards"
5.114;5;7.643;9.827;12.112;2;11;0;6;1;0;"Edwards"
5.074;6;0;8.57;8.57;1;4;3.059;5;0;0;"Edwards"
5.17;6;6.735;10.142;10.008;1;7;3.957;6;1;5.771;"Edwards"
5.196;5;6.364;9.905;9.905;1;1;0;5;0;0;"Edwards"
5.267;10;8.92;16.805;16.805;3;0;8.281;11;1;4.327;"Edwards"
5.097;4;5.652;8.314;8.314;1;11;0;4;1;0;"Edwards"
5.076;4;5.02;9.237;9.237;1;11;0;5;1;0;"Edwards"
5.107;5;4.399;8.48;8.48;1;12;0;6;2;4.874;"Edwards"
5.439;6;6.235;7.92;11.906;2;8;0;8;1;7.262;"Edwards"
5.618;6;8.674;12.855;12.855;3;4;0;7;2;7.846;"Edwards"
5.137;5;5.091;9.753;9.753;1;2;3.842;6;0;0;"Edwards"
5.092;5;5.265;9.391;10.165;1;11;0;6;0;0;"Edwards"
4.968;5;0;0;10.058;1;11;0;5;1;0;"Edwards"
4.961;5;5.02;8.538;9.496;1;12;0;7;1;0;"Edwards"
5.114;6;5.848;9.343;9.343;2;0;2.121;7;0;0;"Edwards"
4.908;5;0;7.695;7.695;1;2;0;8;0;0;"Edwards"
5.256;6;5.947;8.427;8.427;2;3;0;7;1;0;"Gilbert"
5.347;7;6.25;8.92;8.92;2;2;4.025;8;1;3.6;"Gilbert"
5.276;7;5.925;5.879;9.285;2;3;1.697;7;1;2.078;"Gilbert"
5.227;7;6;5.879;8.506;2;3;1.407;7;1;3.286;"Gilbert"
5.352;7;6.641;9.382;9.511;2;2;5.564;9;1;0;"Gilbert"
5.267;5;7.144;10.049;9.227;2;7;3.759;6;1;0;"Gilbert"
5.291;7;6.25;8.726;8.726;2;1;0;7;1;5.196;"Gilbert"
5.283;7;6;8.389;8.517;2;2;0;8;1;0;"Gilbert"
5.253;6;6.455;9.401;9.52;2;2;1.2;7;1;3;"Gilbert"
5.193;7;6;5.879;8.346;2;2;0;7;1;0;"Gilbert"
5.225;7;6.075;5.879;8.346;2;2;0;7;1;0;"Gilbert"
5.238;6;5.894;9.08;9.08;2;3;0;7;1;3.888;"Gilbert"
5.25;5;6.03;11.015;11.161;2;3;0;7;0;0;"Gilbert"
5.262;6;6.434;9.159;9.159;2;2;0;7;1;0;"Gilbert"
5.061;6;6.675;12.119;11.518;1;12;0;7;2;0;"Gilbert"
5.352;7;6;9.661;9.661;2;2;0;8;1;3.6;"Gilbert"
5.225;6;5.794;8.517;8.517;2;3;0;7;1;0;"Gilbert"
5.255;6;6.371;9.114;9.232;2;2;0;7;1;4.8;"Gilbert"
5.225;6;5.94;9.015;9.05;2;3;0;7;1;5.109;"Gilbert"
5.188;6;6.573;10.825;10.076;1;9;3.524;6;1;0;"Gilbert"
5.298;6;5.612;7.926;7.926;2;0;0;6;1;0;"Gilbert"
5.254;7;6;8.094;8.094;2;0;0;8;1;3;"Gilbert"
5.247;7;6.264;10.825;10.825;2;0;0;6;0;0;"Gilbert"
5.332;7;6.25;8.731;8.731;2;1;0;8;1;3;"Gilbert"
5.243;6;6.434;9.261;9.261;2;2;0;7;1;0;"Gilbert"
5.346;7;7.601;9.315;9.454;2;2;5.065;8;1;0;"Gilbert"
5.505;7;7.2;11.193;11.193;2;0;6.406;9;1;4.638;"Gilbert"
5.219;6;6.148;7.92;7.92;2;3;3.175;6;1;4.135;"Gilbert"
5.254;7;6.192;7.672;7.73;2;0;0;7;1;3;"Gilbert"
5.241;6;6.199;10.924;10.924;2;0;0;6;0;3;"Gilbert"
5.412;8;7.542;9.73;9.73;2;1;4.609;9;1;3.286;"Gilbert"
5.363;8;6.735;11.249;11.439;2;2;1.897;7;1;4.113;"Gilbert"
5.255;7;5.947;8.395;8.522;2;1;0;8;1;0;"Gilbert"
5.237;6;6.434;9.261;9.261;2;2;0;7;1;3;"Gilbert"
5.238;6;6.518;9.29;9.29;2;2;0;7;1;0;"Gilbert"
5.041;5;6.815;8.57;8.57;1;10;0;5;0;3.089;"IDOTRR"
4.543;4;0;8.05;8.05;1;12;0;4;0;0;"IDOTRR"
5.173;6;5.333;8.05;10.156;2;12;0;8;0;0;"IDOTRR"
5.167;5;6.49;7.777;7.777;1;3;0;6;0;0;"IDOTRR"
4.929;3;0;9.548;9.548;1;6;0;6;0;0;"IDOTRR"
4.875;4;4.243;7.175;7.175;1;12;0;4;0;0;"IDOTRR"
4.908;4;4.189;5.66;7.771;1;2;0;5;0;0;"IDOTRR"
4.813;4;4.409;7.299;6.235;1;12;0;5;0;0;"IDOTRR"
5.144;7;5.02;7.572;9.986;1;12;0;6;1;0;"IDOTRR"
5.327;7;5.187;9.372;9.372;1;1;0;8;2;5.065;"IDOTRR"
5.207;6;8.05;10.12;10.12;1;12;0;7;1;0;"IDOTRR"
5.004;5;5.091;6.907;7.231;1;3;0;6;0;0;"IDOTRR"
5;4;4.874;8.117;8.335;1;12;0;4;0;0;"IDOTRR"
5.009;5;4.399;9.372;9.372;1;12;0;5;0;3.795;"IDOTRR"
5.027;4;5.425;9.251;9.251;1;12;0;6;0;0;"IDOTRR"
4.922;4;5.073;7.01;7.01;1;8;0;6;0;3.286;"MeadowV"
4.932;4;4.772;7.01;7.01;1;7;0;5;0;0;"MeadowV"
4.973;4;0;7.01;7.01;1;8;4.124;5;0;0;"MeadowV"
4.927;4;0;7.53;7.53;1;8;0;3;0;0;"MeadowV"
4.876;4;5.073;7.01;7.01;1;7;0;6;0;0;"MeadowV"
5.019;5;5.499;4.874;7.446;1;6;0;5;1;3.562;"MeadowV"
4.9;4;0;7.01;7.01;1;8;0;5;0;0;"MeadowV"
5.279;6;6.525;10.577;10.754;2;7;0;6;1;5.809;"Mitchel"
5.23;6;8.357;13.275;13.576;3;7;0;9;0;0;"Mitchel"
5.221;5;7.857;10.998;10.998;2;3;0;7;1;5.433;"Mitchel"
5.4;8;7.601;9.981;9.675;2;2;0;7;1;4.347;"Mitchel"
5.238;6;6.978;9.281;10.762;1;7;0;5;2;5.213;"Mitchel"
5.292;6;8.016;11.876;11.876;2;7;0;5;2;4.874;"Mitchel"
5.477;7;8.411;12.869;13.523;3;3;7.754;7;0;0;"Mitchel"
5.433;8;8.782;11.879;12.329;2;2;3.65;7;2;3.674;"Mitchel"
5.233;6;5.676;9.932;10.031;1;7;0;6;1;4.274;"Mitchel"
5.359;4;6.235;12.296;12.329;2;4;0;6;1;6.206;"Mitchel"
5.204;6;6.17;9.406;9.406;2;5;0;7;0;4.696;"Mitchel"
5.127;6;6.6;9.877;9.859;1;5;0;5;0;3.286;"Mitchel"
5.167;5;0;10.04;10.04;1;0;0;6;0;0;"Mitchel"
5.112;4;5.692;8.721;8.721;1;1;0;4;0;0;"Mitchel"
5.095;5;4.874;8.57;8.57;1;5;0;5;0;3.888;"Mitchel"
4.971;5;0;9.363;9.363;1;3;0;5;0;0;"Mitchel"
5.117;5;7.2;10.496;10.496;1;2;0;7;1;6.531;"Mitchel"
5.121;5;0;9.06;9.343;1;3;0;6;0;2.683;"Mitchel"
5.23;5;6.134;11.181;11.181;1;7;0;6;1;4.648;"Mitchel"
5.236;6;5.299;10.937;10.937;1;11;3.118;6;0;5.947;"NAmes"
5.387;7;6.854;13.78;13.78;2;9;0;8;2;0;"NAmes"
5.061;4;0;8.818;8.818;1;8;0;5;1;0;"NAmes"
5.265;7;6.782;11.245;10.97;2;3;0;5;1;4.274;"NAmes"
5.11;4;0;9.247;10.5;1;11;0;6;0;5.628;"NAmes"
5.134;6;6.573;6.926;10.089;2;10;0;8;0;0;"NAmes"
5.138;6;6.573;9.178;9.74;1;10;3.747;6;0;3.286;"NAmes"
5.185;6;5.724;10.2;11.696;1;8;3.842;7;2;0;"NAmes"
5.188;5;6.573;9.972;9.972;2;10;5.7;12;0;0;"NAmes"
5.134;5;5.265;10.142;10.142;1;11;3.674;6;0;0;"NAmes"
5.17;6;5.299;10.366;10.366;1;11;4.45;6;0;0;"NAmes"
5.152;5;6.913;10.34;10.34;1;11;4.025;6;0;0;"NAmes"
5.031;5;5.94;0;8.627;1;1;0;5;1;0;"NAmes"
5.204;6;6.293;10.022;10.022;1;10;4.847;5;0;0;"NAmes"
5.193;6;6.293;9.609;9.609;1;1;0;5;0;3.923;"NAmes"
5.188;5;6.573;10.191;10.191;1;9;4.243;6;1;0;"NAmes"
5.167;5;4.874;10.008;10.008;1;1;0;5;1;0;"NAmes"
5.273;6;6.907;11.435;11.435;2;10;0.52;6;1;0;"NAmes"
5.201;6;6.801;11.201;11.201;1;10;4.715;6;2;0;"NAmes"
5.021;4;5.755;8.022;10.737;2;1;0;7;1;2.225;"NAmes"
5.079;5;5.231;10.401;10.401;1;11;0;6;0;0;"NAmes"
5.185;5;5.612;11.153;11.153;1;11;0;6;0;5.02;"NAmes"
5.185;5;6.695;10.804;10.804;1;4;7.649;5;1;0;"NAmes"
5.09;5;4.93;7.397;10.895;1;12;0;5;0;2.437;"NAmes"
5.1;5;6.573;7.536;10.004;1;12;0;5;0;0;"NAmes"
5.217;5;5.091;9.525;11.076;1;2;2.51;6;2;5.4;"NAmes"
5.053;5;4.648;8.448;8.448;1;12;0;4;0;0;"NAmes"
5.183;7;6.075;7.932;8.491;1;2;0;6;1;0;"NAmes"
5.279;6;9.035;10.598;10.598;2;8;6.573;12;0;0;"NAmes"
5.157;6;6.573;9.251;9.251;1;1;0;6;0;0;"NAmes"
5.185;5;8.249;9.449;10.842;1;2;0;5;0;0;"NAmes"
5.197;6;6.695;11.533;11.533;2;10;1.643;6;2;0;"NAmes"
5.109;6;9;8.459;8.298;1;12;0;5;0;0;"NAmes"
5.143;5;5.144;9.623;10.978;1;9;0;6;0;0;"NAmes"
5.247;6;7.355;10.323;11.281;1;2;0;6;1;0;"NAmes"
5.316;6;7.2;9.256;9.914;2;8;0;9;2;5.02;"NAmes"
5.09;5;7.2;8.818;8.818;1;8;0;5;0;0;"NAmes"
5.251;7;7.275;9.217;9.482;1;1;4.347;6;0;3.6;"NAmes"
5.037;4;5.628;9.035;9.035;1;11;0;5;0;0;"NAmes"
5.133;4;5.047;9.256;9.256;1;11;0;4;0;0;"NAmes"
5.255;5;6.722;10.474;10.67;2;2;0;6;1;0;"NAmes"
5.185;5;4.874;10.031;10.031;1;2;0;6;0;5.109;"NAmes"
5.076;6;5.091;9.637;9.637;1;12;0;6;0;0;"NAmes"
5.151;5;4.874;7.175;10.97;1;1;0;7;1;0;"NAmes"
5.146;5;6.406;10.147;10.147;1;10;3.499;6;0;0;"NAmes"
5.212;6;6.243;10.653;10.653;1;10;0;6;1;0;"NAmes"
5.222;6;6.3;11.205;11.887;1;10;4.102;5;1;6.641;"NAmes"
5.143;6;5.17;10.375;10.375;1;11;2.581;6;1;0;"NAmes"
5.22;6;6.42;11.193;11.193;1;11;5.902;6;2;0;"NAmes"
5;5;5.205;0;12.6;2;6;0;7;1;0;"NAmes"
5.201;5;5.291;10.632;10.632;1;10;0;6;0;0;"NAmes"
5.19;5;5.265;10.687;10.687;1;10;0;6;1;0;"NAmes"
5.223;7;6.88;10.721;10.721;1;8;0;5;1;0;"NAmes"
5.09;4;6.573;8.787;8.859;1;8;0;5;0;0;"NAmes"
5.081;4;6.893;8.818;8.818;1;8;0;5;0;0;"NAmes"
5.124;7;5.747;8.067;8.308;1;2;4.047;4;0;3.286;"NAmes"
5.19;6;6.782;10.97;10.97;2;2;0;5;1;3.499;"NAmes"
5.111;5;5.692;9.43;9.43;1;9;2.163;5;0;0;"NAmes"
5.148;5;6.293;8.818;10.336;1;10;0;6;1;3.394;"NAmes"
5.137;5;6;9.139;9.139;2;12;7.144;10;0;0;"NAmes"
5.176;6;5.499;10.581;10.581;1;10;0;6;2;0;"NAmes"
5.112;5;5.499;10.461;10.461;1;11;0;5;0;0;"NAmes"
5.152;5;5.499;8.818;10.191;1;1;0;6;0;2.381;"NAmes"
5.134;6;5.135;9.675;9.675;1;11;0;6;0;0;"NAmes"
5.129;5;4.648;9.525;9.525;1;1;0;6;0;0;"NAmes"
5.185;4;5.02;9.972;12.175;1;11;0;6;1;4.5;"NAmes"
5.182;5;5.073;9.675;9.675;1;1;0;6;0;0;"NAmes"
5.272;6;6.293;8.601;9.581;2;3;5.532;7;1;4.638;"NAmes"
5.176;6;6.378;10.297;10.787;2;11;1.587;5;0;5.02;"NAmes"
5.228;5;9.31;12.064;12.717;1;10;5.213;7;1;0;"NAmes"
5.284;7;6.748;12.907;12.907;2;8;6.25;8;1;0;"NAmes"
5.142;5;5.187;9.932;9.932;1;8;0;6;0;4.648;"NAmes"
5.065;4;5.02;8.818;8.818;1;8;0;5;0;0;"NAmes"
4.989;4;7.2;8.818;8.869;1;7;0;5;0;2.381;"NAmes"
5.197;6;6.735;9.372;9.372;1;1;4.274;4;1;2.909;"NAmes"
5.114;5;7.494;8.818;8.818;1;10;0;5;0;0;"NAmes"
5.204;6;6.441;10.611;10.611;1;9;6.185;6;2;0;"NAmes"
5.207;5;6.3;10.611;11.356;1;4;0;7;1;3.6;"NAmes"
5.137;5;4.589;7.96;9.6;1;7;0;7;1;4.696;"NAmes"
5.083;5;4.648;9.178;9.178;1;7;0;5;0;0;"NAmes"
4.994;5;6.573;10.543;10.543;1;9;4.274;6;0;0;"NAmes"
5.354;7;6.62;9.119;10.461;2;8;5.274;8;2;3.074;"NAmes"
5.13;6;6.221;9.525;9.525;1;9;5.466;5;0;0;"NAmes"
5.162;6;5.126;11.157;11.157;1;10;3.969;7;0;0;"NAmes"
5.17;5;5.196;9.758;11.104;1;10;4.948;6;1;4.146;"NAmes"
5.19;6;6;4.409;11.906;1;11;6.854;5;1;0;"NAmes"
5.201;5;8.98;9.558;11.161;1;1;0;6;0;2.598;"NAmes"
5.167;6;4.874;10.107;10.423;1;5;3.807;6;0;0;"NAmes"
5.203;6;6.965;7.678;10.366;1;10;0;6;1;0;"NAmes"
5.559;8;8.281;10.526;10.611;2;4;6.735;9;1;1.697;"NoRidge"
5.515;8;8.538;11.443;11.487;2;2;3.674;10;2;4.762;"NoRidge"
5.423;7;8.945;10.666;10.721;2;3;9.104;7;1;4.45;"NoRidge"
5.398;8;8.674;10.151;10.151;2;2;5.612;9;1;4.157;"NoRidge"
5.544;8;9.188;13.356;13.437;2;2;6.675;5;1;3.6;"NoRidge"
5.544;8;8.69;13.777;13.79;2;3;7.707;7;1;4.609;"NoRidge"
5.462;7;8.055;10.405;10.453;2;3;5.109;9;1;4.49;"NoRidge"
5.633;8;7.01;16.971;17.045;3;3;0;10;1;4.874;"NoRidge"
5.477;8;8.314;10.218;10.414;2;2;5.383;7;1;0;"NoRidge"
5.796;10;8.522;13.18;12.837;3;2;11.136;10;1;5.7;"NoRidge"
5.428;7;7.287;9.927;10.244;2;2;0;9;1;0;"NoRidge"
5.14;6;6.293;8.772;8.772;2;7;0;6;1;0;"NPkVill"
5.14;6;6.293;8.772;8.772;2;7;0;6;1;3.637;"NPkVill"
5.107;6;6.293;9.85;9.285;2;7;0;5;1;0;"NPkVill"
5.19;6;6.293;8.506;8.506;2;7;0;7;1;2.078;"NPkVill"
5.439;9;8.106;12.362;12.362;2;1;7.44;7;1;4.157;"NridgHt"
5.35;7;6.6;11.055;11.055;2;0;3.394;6;1;4.157;"NridgHt"
5.312;8;6.6;11.104;11.104;2;1;4.002;6;1;3.286;"NridgHt"
5.556;9;8.664;12.5;12.5;2;1;5.213;7;1;5.358;"NridgHt"
5.613;8;7.589;11.65;11.65;2;1;1.342;10;1;4.157;"NridgHt"
5.525;9;9.134;12.51;12.525;2;1;5.056;8;1;3.888;"NridgHt"
5.544;9;8.15;11.471;11.471;2;1;4.409;10;1;4.069;"NridgHt"
5.447;8;8.808;12.855;12.855;2;1;1.944;7;1;3.354;"NridgHt"
5.408;8;8.854;11.992;12.022;2;1;5.871;6;1;4.55;"NridgHt"
5.328;6;6.6;11.055;11.055;2;1;4.648;6;1;4.157;"NridgHt"
5.362;7;7.506;10.875;10.875;2;1;3.865;6;1;3.934;"NridgHt"
5.405;8;7.036;10.916;10.916;2;1;3.98;6;1;4.157;"NridgHt"
5.238;7;6.559;11.245;11.245;2;2;3.83;6;1;3.65;"NridgHt"
5.596;8;8.346;13.186;13.186;2;0;6.192;7;1;0;"NridgHt"
5.615;9;8.083;11.895;11.895;2;1;7.73;10;2;6;"NridgHt"
5.283;7;6.6;11.092;11.092;2;1;3.6;6;1;0;"NridgHt"
5.341;8;7.036;10.99;10.99;2;1;4.2;6;1;0;"NridgHt"
5.337;7;6.6;11.023;11.055;2;0;3.98;6;1;4.157;"NridgHt"
5.498;9;8.346;12.805;12.827;2;0;6.378;9;1;0;"NridgHt"
5.699;10;10.279;14.45;14.356;2;0;9.343;7;1;4.157;"NridgHt"
5.449;8;8.346;8.975;8.975;2;0;4.705;8;1;4.2;"NridgHt"
5.289;6;6.434;11.072;11.072;2;1;4.8;6;1;4.157;"NridgHt"
5.443;9;7.074;11.853;11.853;2;1;4.705;6;1;4.274;"NridgHt"
5.503;9;7.452;12.97;12.97;2;0;5.708;6;1;4.347;"NridgHt"
5.512;8;8.762;10.209;10.209;3;0;5.848;9;1;4.648;"NridgHt"
5.44;8;8.889;9.628;9.665;2;1;4.002;8;1;4.157;"NridgHt"
5.53;9;6.848;12.022;12.093;2;0;5.886;8;1;4.179;"NridgHt"
5.518;8;8.4;11.712;11.788;2;0;3.575;10;1;3.286;"NridgHt"
5.573;9;8.869;12.7;12.7;2;1;7.112;6;1;4.306;"NridgHt"
5.446;8;8.194;11.305;11.329;2;1;3.175;9;1;3.888;"NridgHt"
5.307;7;6.531;11.096;11.096;2;0;2.909;6;1;3.447;"NridgHt"
5.322;6;6.708;11.78;13.659;2;5;3.273;7;2;5.604;"NWAmes"
5.258;6;6.257;11.072;11.947;2;3;0;7;1;4.157;"NWAmes"
5.188;7;6.9;8.653;10.191;2;7;4.8;8;1;4.157;"NWAmes"
5.444;8;6.984;15.072;15.072;2;6;0;9;1;6.531;"NWAmes"
5.196;7;6.559;10.695;12.004;2;7;4.306;7;1;0;"NWAmes"
5.296;5;6.6;8.379;9.895;2;7;1.99;9;1;6.35;"NWAmes"
5.225;6;6.893;10.022;10.022;2;7;4.2;6;1;0;"NWAmes"
5.217;6;6.559;9.786;11.023;2;7;3.957;7;1;0;"NWAmes"
5.199;6;7.244;7.875;11.136;2;8;5.474;7;1;0;"NWAmes"
5.267;6;7.44;11.392;11.392;2;8;7.169;6;1;5.778;"NWAmes"
5.269;6;6.448;11.576;11.576;2;9;0;7;1;0;"NWAmes"
5.314;7;8.4;8.227;10.754;2;7;0;7;2;5.17;"NWAmes"
5.296;6;6.573;12.296;12.456;1;7;5.684;7;1;0;"NWAmes"
5.329;7;7.244;12.186;12.296;2;2;0;7;1;2.65;"NWAmes"
5.237;6;6.675;10.53;10.9;2;8;6.768;5;1;0;"NWAmes"
5.342;7;7.042;12.664;12.664;2;6;4.179;6;1;6.483;"NWAmes"
5.167;5;6.6;8.05;8.05;1;8;0;7;0;0;"NWAmes"
5.161;6;6.893;10.64;10.64;2;1;3.6;5;0;2.225;"NWAmes"
5.148;5;6.6;12.093;12.093;2;9;0;8;0;0;"NWAmes"
5.267;6;6.971;9.005;9.212;2;7;4.93;8;1;0;"NWAmes"
5.238;6;6.6;8.485;8.485;1;2;4.762;7;0;0;"NWAmes"
5.246;7;6.6;8.078;8.078;2;1;5.248;6;1;3.877;"NWAmes"
5.18;6;6.675;10.187;10.292;2;5;2.97;6;0;4.285;"NWAmes"
5.284;6;6.559;10.645;11.035;2;2;4.772;5;1;4.648;"NWAmes"
5.2;6;6.6;9.918;9.918;2;9;0;6;1;4.49;"NWAmes"
5.398;7;7.125;11.193;11.193;3;6;4.069;12;2;0;"NWAmes"
5.166;5;6.715;10.187;10.362;2;7;3.6;6;0;3.55;"NWAmes"
5.419;7;6.762;11.879;13.93;2;1;0;9;1;0;"NWAmes"
5.175;4;7.175;8.94;8.94;1;12;0;9;1;3.795;"OldTown"
5.204;6;0;8.379;8.379;1;1;0;7;0;5.564;"OldTown"
5;3;5.739;8.443;8.443;1;11;0;4;0;0;"OldTown"
5.097;5;4.874;9.74;9.85;1;12;0;6;0;0;"OldTown"
5.176;5;6;7.88;8.839;1;12;0;7;1;0;"OldTown"
5.112;5;5.265;8.314;8.314;1;8;0;6;0;0;"OldTown"
4.579;3;0;7.348;7.348;1;12;0;6;0;0;"OldTown"
5.204;6;5.668;9.085;9.905;2;12;0;8;0;0;"OldTown"
5.225;8;6.177;9.08;9.08;1;5;0;8;1;0;"OldTown"
5.19;7;3.842;9.05;9.08;1;1;0;7;1;0;"OldTown"
5.255;7;4.409;7.777;10.7;2;3;0;8;0;1.47;"OldTown"
5.408;6;6.841;11.658;11.94;2;12;0;8;2;0;"OldTown"
5.079;7;0;9.154;9.614;1;1;0;5;1;0;"OldTown"
4.667;2;5.17;6.052;6.052;1;12;0;3;0;2.615;"OldTown"
5.051;5;5.091;9.139;9.139;1;11;0;5;0;0;"OldTown"
5.033;4;5.029;9.005;9.005;1;2;0;4;0;0;"OldTown"
5.112;5;0;7.175;8.92;1;1;0;7;0;4.648;"OldTown"
5.207;7;5.692;7.875;7.875;2;1;0;7;1;0;"OldTown"
5.107;6;0;8.172;8.172;2;2;0;9;1;0;"OldTown"
5.512;10;8.899;10.551;11.7;3;2;0;9;1;3.074;"OldTown"
5.092;5;7.2;9.95;10.504;2;12;0;7;0;0;"OldTown"
5.114;7;6.49;9.256;9.591;2;12;0;8;2;2.846;"OldTown"
5.17;5;0;8.139;8.221;1;2;0;6;0;0;"OldTown"
4.952;5;4.069;9.591;9.591;1;12;0;4;1;0;"OldTown"
5.13;5;7.2;7.823;7.823;1;1;0;6;1;3.231;"OldTown"
5.035;4;5.265;9.295;9.295;1;12;0;5;0;0;"OldTown"
5.267;8;8.57;8.078;9.045;2;2;0;7;0;0;"OldTown"
5.057;5;6.573;7.446;7.446;1;12;0;6;0;5.02;"OldTown"
4.954;5;7.099;7.719;11.313;2;12;0;10;0;0;"OldTown"
5.109;5;7.707;8.05;8.767;1;12;0;7;0;4.618;"OldTown"
5.068;5;5.417;8.659;8.659;1;2;0;4;0;0;"OldTown"
5.035;5;5.417;9.827;9.827;1;8;0;4;0;0;"OldTown"
4.903;4;7.637;9.845;9.396;1;12;0;7;1;3.286;"OldTown"
5.23;5;7.137;8.464;9.932;2;4;0;7;1;6.264;"OldTown"
5.13;5;4.648;10.444;10.504;1;12;4.874;6;0;0;"OldTown"
5.195;6;6;8.379;9.198;1;1;0;7;0;0;"OldTown"
5.146;7;7.2;8.005;8.736;1;8;0;7;0;4.874;"OldTown"
5.041;6;4.93;8.554;8.554;1;1;0;5;0;0;"OldTown"
5.132;5;7.2;9.295;9.295;1;11;0;5;0;0;"OldTown"
5.079;6;5.833;8.325;8.925;1;12;0;5;0;0;"OldTown"
4.898;5;5.628;6.971;8.945;1;12;0;6;0;0;"OldTown"
5.196;7;7.2;7.324;9.477;1;12;0;8;0;1.8;"OldTown"
5.097;5;7.494;9.295;9.295;1;10;0;5;0;0;"OldTown"
5.141;5;5.499;8.97;8.97;1;1;0;5;1;6.119;"Sawyer"
5.086;5;5.02;8.91;9;1;9;1.67;5;0;0;"Sawyer"
5.124;5;5.265;9.675;9.675;1;10;0;5;0;0;"Sawyer"
5.134;4;0;12.841;12.841;2;9;2.546;8;0;0;"Sawyer"
5.135;4;0;12.614;12.614;2;9;0;8;0;0;"Sawyer"
5.199;6;5.187;7.725;7.725;1;9;3.587;7;0;5.84;"Sawyer"
5.212;5;6.573;8.05;8.05;1;9;0;7;2;4.157;"Sawyer"
5.137;5;6.893;8.695;8.798;1;6;0;4;0;0;"Sawyer"
5.217;5;5.879;7.048;9.02;2;10;0;8;1;5.109;"Sawyer"
5.061;5;5.265;8.95;8.95;1;8;0;5;0;0;"Sawyer"
5.152;6;5.091;9.06;9.06;1;3;0;5;0;3.888;"Sawyer"
5.093;5;4.648;9.703;9.74;1;3;0;6;0;0;"Sawyer"
5.13;5;5.299;8.05;8.05;2;12;0;7;1;0;"Sawyer"
5.112;5;5.879;9.675;9.675;1;9;0;5;0;0;"Sawyer"
5.161;5;5.144;9.449;9.449;1;1;0;6;0;4.285;"Sawyer"
5.182;5;6.748;9.767;10.067;1;5;0;5;0;4.002;"Sawyer"
5.217;5;5.644;11.157;11.157;1;11;0;6;1;6.782;"Sawyer"
5.033;5;4.648;7.777;7.777;1;3;0;4;0;3.888;"Sawyer"
5.122;5;7.494;9.343;9.343;1;9;0;5;0;0;"Sawyer"
5.062;4;6.293;9.511;9.511;1;9;0;5;0;0;"Sawyer"
5.09;5;4.874;9.675;9.675;1;9;6.307;6;0;0;"Sawyer"
5.061;5;4.874;8.879;8.985;1;8;2.83;5;0;0;"Sawyer"
5.111;5;6.364;8.97;8.97;1;8;0;5;1;0;"Sawyer"
5.111;5;5.324;9.06;9.06;1;9;0;6;0;4.285;"Sawyer"
5.272;5;5.392;10.564;11.124;1;2;0;6;1;0;"Sawyer"
5.179;6;6.654;6.748;10.444;1;3;2.035;6;1;5.126;"Sawyer"
5.189;6;4.874;9.763;9.804;1;1;0;6;0;4.157;"Sawyer"
5.186;5;6.893;9.786;9.786;1;8;5.239;6;1;5.316;"Sawyer"
5.175;6;6.293;7.777;7.777;1;6;4.274;6;1;0;"Sawyer"
5.195;5;7.225;13.305;13.305;2;6;0;10;0;3.912;"Sawyer"
5.23;5;6.392;12.596;12.653;1;7;0;6;1;0;"Sawyer"
5.276;6;6.448;9.744;9.744;2;4;0;8;1;7.56;"SawyerW"
5.182;6;6.573;9.675;9.936;2;5;0;6;0;0;"SawyerW"
4.829;5;6.214;8.57;9.544;1;12;0;5;0;3.3;"SawyerW"
5.373;7;7.187;9.721;9.777;2;4;4.705;8;1;3.747;"SawyerW"
5.157;6;0;10.209;10.209;1;1;0;5;0;0;"SawyerW"
5.152;5;0;10.013;10.013;1;1;0;6;0;0;"SawyerW"
5.185;5;7.2;10.013;10.013;2;1;0;6;0;0;"SawyerW"
5.079;6;5.091;7.506;7.506;1;6;0;6;1;0;"SawyerW"
4.914;4;5.144;8.055;8.7;1;12;0;4;0;4.743;"SawyerW"
5.501;8;7.422;11.603;11.603;1;0;0;5;1;5.604;"SawyerW"
5.328;7;6.185;8.161;9.515;2;4;3.511;7;1;4.589;"SawyerW"
5.38;7;6.525;9.854;9.854;2;3;0;8;1;6;"SawyerW"
5.117;5;7.2;0;10.767;1;1;0;7;1;0;"SawyerW"
5.075;5;6;0;11.754;2;6;0;8;0;0;"SawyerW"
5.171;5;7.777;9.923;10.517;0;6;4.409;6;2;3.286;"SawyerW"
5.431;7;8.591;10.253;10.253;4;2;1.439;8;2;5.299;"SawyerW"
5.238;6;6.841;8.475;8.475;2;1;0;6;0;3.524;"SawyerW"
5.26;6;6.874;8.238;8.238;2;3;1.849;6;0;0;"SawyerW"
5.287;6;7.194;11.257;12.293;2;2;4.819;7;1;4.49;"SawyerW"
5.286;6;6.926;12.015;12.064;2;3;0;5;1;0;"SawyerW"
5.303;6;6.511;9.139;9.178;2;3;3.074;7;0;5.196;"SawyerW"
5.283;6;6.654;8.818;9.099;2;2;0;7;0;3.6;"SawyerW"
5.332;7;6.801;11.549;11.596;2;2;0;5;1;6.015;"SawyerW"
5.377;7;8.659;9.968;9.06;2;4;0;8;1;2.546;"SawyerW"
5.271;7;7.422;11.225;11.225;2;0;3.259;6;0;3.6;"SawyerW"
5.267;7;6.357;8.4;8.648;2;1;2.939;7;0;3;"SawyerW"
5.176;6;6.518;7.566;7.566;2;3;0;6;0;0;"SawyerW"
5.351;6;9.099;10.998;11.384;2;3;0;8;0;5.091;"SawyerW"
5.345;8;8.899;11.981;11.981;2;1;4.51;6;1;3.6;"Somerst"
5.279;7;7.275;8.695;8.695;2;2;0;3;0;0;"Somerst"
5.346;7;6.6;11.502;11.533;2;1;6.235;7;1;0;"Somerst"
5.405;8;7.299;9.367;9.367;2;2;0;7;1;5.02;"Somerst"
5.458;8;8.695;11.898;11.917;2;0;4.179;7;1;0;"Somerst"
5.319;6;7.8;10.47;10.47;2;0;0;4;0;0;"Somerst"
5.491;10;8.549;9.567;9.609;2;1;3.795;10;1;3.888;"Somerst"
5.401;8;9.689;9.868;9.868;2;1;0;9;1;3.795;"Somerst"
5.422;8;6.821;12.855;12.855;2;0;5.091;8;1;0;"Somerst"
5.193;7;6.748;7.886;8.011;2;2;4.429;6;0;0;"Somerst"
5.237;8;6.573;9.343;9.406;2;2;6.406;7;0;3.217;"Somerst"
5.33;6;7.754;8.97;8.97;2;1;2.581;9;1;3;"Somerst"
5.38;7;7.601;11.917;11.917;2;1;3.394;7;1;0;"Somerst"
5.398;8;7.637;9.735;9.735;2;1;8.314;9;1;3.55;"Somerst"
5.408;8;7.707;12.223;12.223;2;1;5.126;7;1;3.46;"Somerst"
5.254;7;6.293;8.183;8.254;2;2;5.692;6;0;0;"Somerst"
5.238;6;6.293;8.183;8.254;2;2;4.409;6;0;0;"Somerst"
5.348;7;7.01;8.787;8.859;2;2;6.795;7;1;0;"Somerst"
5.505;9;8.421;13.094;13.094;2;1;5.213;8;1;0;"Somerst"
5.167;8;8.975;12.71;12.71;2;0;6.206;7;1;0;"Somerst"
5.415;8;6.6;11.765;11.765;2;1;3.65;7;0;3.625;"Somerst"
5.352;8;6.531;11.603;11.603;2;0;3.55;7;0;3.888;"Somerst"
5.327;5;7.106;8.078;8.078;3;0;0;8;0;0;"Somerst"
5.482;8;7.036;10.323;10.323;2;0;0;11;1;4.327;"Somerst"
5.358;7;7.212;8.869;8.869;3;0;0;7;0;3.6;"Somerst"
5.531;8;7.409;11.925;11.925;3;1;0;8;1;3.783;"Somerst"
5.32;7;6.476;11.031;11.031;2;0;0;5;1;0;"Somerst"
5.378;7;7.2;9.367;9.367;2;2;12;7;1;0;"Somerst"
5.401;8;8.27;9.95;10.022;2;0;4.157;8;1;4.243;"Somerst"
5.626;8;10.102;13.672;13.738;1;0;0;8;1;4.157;"Somerst"
5.608;9;8.443;13.537;13.537;3;0;0;11;1;0;"Somerst"
5.367;8;8.357;11.576;11.576;2;0;0;7;1;0;"Somerst"
5.271;7;7.44;8.249;8.249;2;0;0;6;0;0;"Somerst"
5.303;6;7.44;8.787;8.787;2;1;0;7;0;0;"Somerst"
5.217;7;6.641;7.783;7.783;2;2;0;6;0;3.711;"Somerst"
5.326;8;6.893;11.572;11.627;1;5;0;4;0;0;"StoneBr"
5.731;8;8.7;12.186;12.333;3;2;7.367;12;1;6.728;"StoneBr"
5.574;8;7.125;14.097;15.066;2;1;0;8;1;4.047;"StoneBr"
5.444;8;6.701;11.623;12.219;2;2;0;5;1;4.368;"StoneBr"
5.512;9;7.684;10.049;10.102;2;1;4.696;11;1;3.6;"StoneBr"
5.4;8;6.701;11.596;12.193;2;2;0;6;0;2.939;"StoneBr"
5.26;8;6.573;10.244;10.301;2;4;0;5;0;0;"StoneBr"
5.593;8;7.144;11.301;11.301;2;0;0;7;1;3.55;"StoneBr"
5.658;10;8.072;12.521;13.557;2;0;4.743;8;1;4.648;"StoneBr"
5.728;10;8.139;12.903;12.903;2;0;8.128;11;1;4.743;"StoneBr"
5.504;8;8.26;12.777;12.82;2;0;4.628;7;1;4.025;"StoneBr"
5.672;9;8.061;13.111;13.416;2;1;6.148;8;2;5.62;"StoneBr"
4.978;6;4.56;7.348;7.348;1;12;0;5;0;0;"SWISU"
5.06;5;6.364;8.777;9.178;2;12;0;7;1;2.245;"SWISU"
4.778;2;4.705;5.109;6.279;1;12;0;3;0;0;"SWISU"
5.138;6;4.409;9.372;10.218;2;4;0;7;1;3.637;"SWISU"
5.19;7;7.2;7.099;7.194;1;1;0;6;0;4.8;"SWISU"
5.161;7;4.409;8.803;8.884;2;12;0;6;1;0;"SWISU"
4.959;6;3.795;8.314;8.432;1;12;0;4;0;0;"SWISU"
5.176;5;0;10.8;10.8;2;12;0;12;0;0;"SWISU"
5.074;4;6.293;8.459;9.266;1;12;0;10;0;0;"SWISU"
5.204;7;5.299;7.494;8.177;1;2;0;6;2;6.907;"SWISU"
5.009;5;0;9.525;9.525;2;12;0;7;0;0;"SWISU"
5.204;5;7.175;8.199;12.322;1;12;0;7;2;0;"Timber"
5.241;5;6;5.879;8.183;2;1;0;7;0;3;"Timber"
5.431;8;7.823;8.346;8.346;2;0;2.75;8;1;0;"Timber"
5.307;8;6.228;9.329;9.454;2;2;0;9;0;3.486;"Timber"
5.138;6;6.874;8.585;10.998;1;11;6.978;7;1;0;"Timber"
5.36;5;6.9;11.615;12.071;2;9;0;7;2;7.765;"Timber"
5.383;7;6.788;10.721;11.623;2;5;5.532;6;1;4.648;"Timber"
5.34;7;7.742;8.464;8.464;2;0;2.324;6;0;0;"Timber"
5.387;7;6.788;11.623;11.623;2;4;5.628;5;2;4.648;"Timber"
5.41;6;6.441;7.256;14.322;2;3;10.496;7;1;4.966;"Timber"
5.241;7;6.893;10.67;10.564;2;5;0;6;0;4.569;"Timber"
5.273;7;6;10.2;10.336;2;4;3.245;7;1;3.888;"Timber"
5.31;6;6.163;8.859;8.94;2;2;1.944;7;0;3.6;"Timber"
5.45;8;7.892;13.152;13.152;2;1;8.93;6;1;4.253;"Timber"
5.568;8;8.899;12.966;13.51;2;0;4.327;7;2;5.417;"Timber"
5.439;8;8.818;13.463;13.463;2;6;3.217;6;2;6.448;"Veenker"
5.283;6;6.6;11.345;11.345;2;7;3.6;6;2;3.245;"Veenker"
5.337;8;6.552;10.521;10.56;1;3;0;4;1;3.934;"Veenker"
5.511;8;6.525;12.438;12.438;1;3;0;6;2;3.314;"Veenker"
5.338;5;6.893;11.372;11.372;2;1;0;6;1;0;"Veenker"
5.259;6;6.434;10.657;10.657;2;7;0;6;1;5.179;"Veenker"
5.572;8;7.8;14.883;14.991;2;6;0;7;2;4.893;"Veenker"
