"price";"Overall.Qual";"Garage.Area";"Total.Bsmt.SF";"X1st.Flr.SF";"Full.Bath";"AgeofHouse";"Mas.Vnr.Area";"TotRms.AbvGrd";"Fireplaces";"Wood.Deck.SF";"Longitude";"Latitude";"Neighborhood"
5.245;7;7.707;11.169;11.883;2;1;3.421;7;1;3.587;"-93,641515";"42,062557";"Blmngtn"
5.369;7;6.148;11.12;11.838;2;1;1.273;7;1;3.587;"-93,641946";"42,063298";"Blmngtn"
5.332;8;6;10.704;11.447;2;1;1.897;7;1;3.587;"-93,640287";"42,063329";"Blmngtn"
5.258;7;6.413;11.006;11.634;2;1;1.2;7;1;3.747;"-93,642597";"42,062266";"Blmngtn"
5.056;6;4.874;7.777;7.777;1;7;4.884;7;0;0;"-93,627855";"42,052696";"BrDale"
5.002;6;5.628;6.593;6.593;1;8;6.163;5;0;6.082;"-93,627114";"42,051479";"BrDale"
4.982;6;4.874;6.593;6.593;1;8;6.735;5;0;4.975;"-93,627271";"42,051835";"BrDale"
4.931;6;4.874;6.593;6.593;1;8;4.569;4;0;0;"-93,62765";"42,051678";"BrDale"
5.048;5;4.874;7.53;7.53;2;8;5.66;6;0;0;"-93,629425";"42,051659";"BrDale"
4.806;3;0;5.771;6.307;1;12;0;4;0;0;"-93,628654";"42,036023";"BrkSide"
4.932;4;0;6.293;8.844;1;10;0;4;0;0;"-93,629185";"42,03537";"BrkSide"
5.072;5;4.295;9.444;9.845;1;12;0;5;2;0;"-93,627578";"42,034563";"BrkSide"
4.9;5;5.265;8.172;8.373;1;10;0;4;0;0;"-93,625728";"42,03338";"BrkSide"
5.13;5;4.49;8.094;8.094;2;2;0;6;0;0;"-93,624715";"42,033482";"BrkSide"
4.94;4;4.243;8.298;8.298;1;12;0;4;0;3.486;"-93,625586";"42,033621";"BrkSide"
5.107;6;7.2;7.175;8.736;1;12;0;6;2;0;"-93,622597";"42,0336";"BrkSide"
5.122;6;5.02;8.379;8.617;1;12;0;6;1;2.012;"-93,623515";"42,033347";"BrkSide"
5.021;6;4.648;8.155;8.869;2;12;0;7;1;0;"-93,621532";"42,033366";"BrkSide"
4.968;5;5.367;6.49;8.601;1;12;6.321;6;0;0;"-93,621677";"42,033496";"BrkSide"
5;5;6.293;10.151;10.821;1;12;0;5;0;0;"-93,624689";"42,031395";"BrkSide"
5.053;5;4.648;8.92;8.92;1;12;0;5;0;0;"-93,623643";"42,032399";"BrkSide"
4.778;2;0;4.874;8.485;1;12;0;4;1;0;"-93,623643";"42,032359";"BrkSide"
5.1;6;6.893;8.803;8.803;1;12;0;6;1;4.5;"-93,623631";"42,031433";"BrkSide"
5.121;5;5.02;7.777;8.995;1;11;0;7;0;0;"-93,624539";"42,031438";"BrkSide"
5.061;5;4.648;8.98;8.98;1;12;0;7;0;4.243;"-93,62454";"42,031499";"BrkSide"
4.906;4;0;0;7.777;1;12;0;3;0;0;"-93,623481";"42,031415";"BrkSide"
5.138;5;4.025;9.193;9.193;1;1;0;8;0;1.47;"-93,621502";"42,032386";"BrkSide"
5.173;5;4.5;9.684;9.684;1;12;0;8;1;0;"-93,621484";"42,031436";"BrkSide"
5.106;6;7.099;8.92;9.29;1;12;0;6;1;0;"-93,622402";"42,031483";"BrkSide"
5.217;5;5.499;8.617;13.652;1;11;5.739;9;1;3.434;"-93,662126";"42,032652";"ClearCr"
5.208;4;5.231;9.968;9.968;1;4;0;8;2;3.286;"-93,660877";"42,032503";"ClearCr"
5.48;7;8.155;12.16;12.812;2;1;5.62;5;2;5.848;"-93,676272";"42,02868";"ClearCr"
5.362;6;6.854;10.026;10.026;2;4;5.091;8;1;5.499;"-93,675038";"42,024673";"ClearCr"
5.407;6;6.887;10.767;14.764;3;3;5.196;6;2;0;"-93,66504";"42,028424";"ClearCr"
5.383;7;6.286;11.165;11.076;1;1;0;5;2;2.7;"-93,666066";"42,028568";"ClearCr"
5.408;4;6.9;11.08;12.234;1;3;0;6;2;4.49;"-93,666216";"42,028595";"ClearCr"
5.273;6;6.321;8.653;9.372;2;0;3.759;9;0;3.46;"-93,6825099";"42,024734";"ClearCr"
5.51;9;10.12;11.83;12.296;1;0;4.667;8;1;4.08;"-93,687067";"42,026626";"CollgCr"
5.471;8;8.798;12.082;12.112;2;1;4.93;8;1;3.934;"-93,688993";"42,026414";"CollgCr"
5.521;9;8.726;12.442;12.442;2;1;5.724;8;1;4.327;"-93,689091";"42,026372";"CollgCr"
5.441;8;8.839;11.549;11.549;2;0;4.93;10;1;0;"-93,690234";"42,025558";"CollgCr"
5.288;7;8.622;10.564;10.564;2;1;0;5;0;3.55;"-93,69003";"42,024633";"CollgCr"
5.312;7;7.794;11.611;11.611;2;0;0;5;0;5.62;"-93,688925";"42,025218";"CollgCr"
5.328;8;7.788;11.576;11.619;2;1;3.447;7;1;3.6;"-93,688923";"42,025156";"CollgCr"
5.299;7;8.161;10.504;10.504;2;1;0;6;0;0;"-93,69245";"42,024604";"CollgCr"
5.289;7;7.542;10.53;10.53;2;1;2.717;6;0;3.447;"-93,690111";"42,024327";"CollgCr"
5.368;6;6.675;12.855;12.89;2;0;0;7;1;0;"-93,689485";"42,02437";"CollgCr"
5.352;7;7.2;12.052;12.052;2;1;3.55;7;1;3;"-93,688934";"42,023308";"CollgCr"
5.677;9;11.015;14.297;14.312;2;0;7.061;7;2;0;"-93,68698";"42,027368";"CollgCr"
5.161;5;6.448;9.95;9.95;1;2;0;5;0;0;"-93,691873";"42,022077";"CollgCr"
5.155;5;6.293;9.439;9.439;1;3;0;5;0;2.437;"-93,692135";"42,021176";"CollgCr"
5.324;6;7.01;8.453;8.91;2;2;0;7;0;0;"-93,690545";"42,020912";"CollgCr"
5.164;5;5.879;9.439;9.439;1;3;0;5;0;4.8;"-93,692286";"42,019032";"CollgCr"
5.193;5;7.2;9.439;9.439;1;3;0;5;0;4.49;"-93,692005";"42,019047";"CollgCr"
5.161;5;7.777;9.439;9.439;1;3;0;5;0;0;"-93,691612";"42,019153";"CollgCr"
5.296;7;7.01;8.828;8.828;2;3;0;6;0;4.221;"-93,690548";"42,018597";"CollgCr"
5.31;7;7.206;11.58;11.623;2;2;4.058;6;0;3.6;"-93,690324";"42,017569";"CollgCr"
5.283;7;7.742;11.349;11.349;2;2;0;6;0;0;"-93,691667";"42,016903";"CollgCr"
5.281;7;7.206;11.494;11.537;2;2;3.354;6;0;3.286;"-93,689019";"42,017766";"CollgCr"
5.301;7;6.654;9.08;9.099;2;1;0;8;0;3.625;"-93,68923";"42,01686";"CollgCr"
5.28;7;6.821;8.721;8.721;2;2;0;7;0;0;"-93,689344";"42,016896";"CollgCr"
5.337;7;6.614;9.415;9.415;2;2;3.6;7;1;4.168;"-93,689518";"42,016829";"CollgCr"
5.349;7;7.397;9.099;9.099;2;2;3.818;6;1;0;"-93,68895";"42,015949";"CollgCr"
5.186;5;5.771;9.558;9.605;2;7;3.189;6;1;3.381;"-93,686678";"42,021386";"CollgCr"
5.13;5;8.205;9.675;9.675;1;6;0;5;0;0;"-93,687734";"42,022239";"CollgCr"
5.135;5;5.499;8.818;8.818;1;1;2.846;6;0;0;"-93,684887";"42,019548";"CollgCr"
5.109;5;5.196;9.348;9.348;1;8;0;5;1;0;"-93,684982";"42,019697";"CollgCr"
5.167;6;7.2;9.198;9.609;1;6;0;5;0;0;"-93,685158";"42,019769";"CollgCr"
5.051;5;6.441;8.91;8.91;1;7;0;5;0;2.939;"-93,683235";"42,021056";"CollgCr"
5.125;5;5.515;8.818;8.818;1;8;0;5;1;0;"-93,683157";"42,020666";"CollgCr"
5.068;4;8.094;5.886;8.874;1;1;0;5;0;5.628;"-93,683169";"42,021737";"CollgCr"
5.398;7;10.526;11.883;12.041;2;2;0;6;0;4.856;"-93,687819";"42,017109";"CollgCr"
5.435;8;7.765;11.929;12.004;2;2;6.566;6;1;4.025;"-93,685523";"42,019069";"CollgCr"
5.417;8;6.913;10.812;10.812;2;2;3.118;7;1;3.795;"-93,682623";"42,01877";"CollgCr"
5.363;7;7.162;10.636;10.775;2;2;4.52;8;1;0;"-93,684227";"42,018709";"CollgCr"
5.362;8;7.707;9.506;9.506;2;2;5.367;7;2;4.49;"-93,684396";"42,017598";"CollgCr"
5.328;7;7.409;9.387;9.449;2;1;0;7;1;0;"-93,687786";"42,016961";"CollgCr"
5.324;7;7.397;9.217;9.217;2;2;0;6;0;4.8;"-93,685673";"42,016978";"CollgCr"
5.362;7;9;12.201;12.201;2;1;5.153;6;0;0;"-93,685571";"42,016979";"CollgCr"
5.429;8;7.625;9.905;9.905;2;2;4.847;8;1;4.211;"-93,683718";"42,016904";"CollgCr"
5.324;7;6.483;9.79;9.79;2;2;0;9;1;3.286;"-93,679147";"42,01869";"CollgCr"
5.307;7;6.559;11.634;11.634;2;3;4.2;6;1;3.217;"-93,680706";"42,018875";"CollgCr"
5.439;8;7.099;11.738;11.738;2;2;4.8;7;1;4.069;"-93,681196";"42,018864";"CollgCr"
5.324;7;7.397;8.798;10.444;2;1;4.781;7;2;4.5;"-93,6800822";"42,0185298";"CollgCr"
5.455;9;7.949;12.097;12.252;2;1;4.399;7;1;4.809;"-93,679805";"42,018017";"CollgCr"
5.341;7;7.619;9.753;9.753;2;3;7.181;8;0;7.2;"-93,681411";"42,017856";"CollgCr"
5.38;8;7.074;10.479;10.479;2;3;6.279;8;1;0;"-93,681274";"42,017856";"CollgCr"
5.438;7;7.244;9.986;9.986;2;2;0;8;1;4.772;"-93,682686";"42,017858";"CollgCr"
5.124;6;6.148;8.736;8.736;1;1;3.912;4;0;3.55;"-93,681191";"42,016275";"CollgCr"
5.158;6;6.148;8.736;8.736;1;2;3.912;4;0;3.55;"-93,681227";"42,016275";"CollgCr"
5.368;8;7.852;9.854;9.854;2;0;0;8;1;0;"-93,683777";"42,016618";"CollgCr"
5.267;6;8.055;12.862;12.862;2;2;0;8;0;3.795;"-93,68031";"42,016262";"CollgCr"
5.341;7;6.25;8.731;8.731;2;1;0;8;1;3;"-93,687684";"42,015974";"CollgCr"
5.254;7;7.048;8.15;8.15;2;0;0;7;0;0;"-93,684118";"42,014039";"CollgCr"
5.293;7;7.131;8.798;8.798;2;1;0;7;0;0;"-93,685369";"42,01397";"CollgCr"
5.239;7;7.212;10.257;10.349;2;1;0;5;0;3;"-93,684625";"42,013544";"CollgCr"
5.225;6;6.271;10.941;10.941;2;0;0;6;1;0;"-93,684285";"42,01343";"CollgCr"
5.143;5;4.025;8.199;8.96;1;12;0;9;0;4.274;"-93,646438";"42,01895";"Crawfor"
5.217;6;4.025;7.361;9;1;3;0;7;2;2.939;"-93,646624";"42,01804";"Crawfor"
5.135;5;5.628;10.775;11.313;1;12;0;6;0;0;"-93,646817";"42,017888";"Crawfor"
5.223;7;5.091;8.58;8.58;1;12;0;7;1;0;"-93,64644";"42,016941";"Crawfor"
5.078;5;4.648;9.099;9.266;1;12;0;5;1;0;"-93,646416";"42,016067";"Crawfor"
5.161;6;6.654;9.387;9.387;2;12;6.17;8;0;0;"-93,6435257";"42,0199537";"Crawfor"
5.362;8;6;8.443;8.443;1;12;0;7;2;0;"-93,642431";"42,019059";"Crawfor"
5.041;5;4.5;8.92;9.159;1;12;0;6;0;2.4;"-93,639497";"42,018766";"Crawfor"
5.19;5;5.256;10.704;10.704;1;10;0;5;0;6.593;"-93,64012";"42,017583";"Crawfor"
5.338;7;6.371;9.591;10.049;2;12;4.93;7;1;0;"-93,642319";"42,016385";"Crawfor"
5.498;8;6.293;8.762;11.807;2;3;0;10;2;0;"-93,641156";"42,016961";"Crawfor"
5.374;5;6.6;13.07;13.07;2;11;0;7;2;0;"-93,640311";"42,012638";"Crawfor"
5.23;4;7.518;12.296;12.296;2;3;0;7;0;3.699;"-93,644923";"42,011836";"Crawfor"
5.461;7;6.6;11.623;12.731;2;3;0;6;2;0;"-93,641677";"42,010797";"Crawfor"
5.574;8;6.675;11.898;12.093;2;0;6.525;5;1;3.327;"-93,615697";"42,009401";"Crawfor"
5.371;8;6.958;11.898;12.093;2;0;6.58;5;1;3.327;"-93,615618";"42,009401";"Crawfor"
5.469;8;6.874;11.985;12.179;2;0;4.091;5;1;3.818;"-93,616584";"42,008803";"Crawfor"
4.799;5;4.51;7.256;7.863;2;12;0;6;0;0;"-93,658381";"42,022978";"Edwards"
5.334;5;7.2;6.067;10.92;2;1;0;6;1;0;"-93,669606";"42,026185";"Edwards"
5.145;3;6.378;0;12.489;2;11;0;8;1;0;"-93,665996";"42,027656";"Edwards"
5.086;4;6.695;0;11.157;1;11;0;6;0;0;"-93,665994";"42,027506";"Edwards"
4.919;5;5.739;6.42;8.669;1;12;0;5;0;0;"-93,662762";"42,028226";"Edwards"
5.106;6;6.573;11.368;12.329;1;11;0;7;1;0;"-93,667776";"42,024483";"Edwards"
4.778;5;5.612;10.716;10.716;1;11;0;5;0;0;"-93,667209";"42,023916";"Edwards"
5.189;6;4.648;8.199;8.96;1;12;0;6;1;0;"-93,665271";"42,026133";"Edwards"
4.998;5;0;8.818;8.818;1;7;0;4;0;0;"-93,6650659";"42,0257161";"Edwards"
5.27;6;6.434;10.444;10.444;2;1;0;6;0;3;"-93,6658876";"42,0247497";"Edwards"
5.092;5;5.265;9.391;10.165;1;11;0;6;0;0;"-93,660187";"42,026308";"Edwards"
4.934;4;0;6.893;7.379;1;1;0;5;0;0;"-93,66468";"42,020186";"Edwards"
5.114;5;4.874;9.665;9.665;2;5;3.662;5;0;0;"-93,6643138";"42,0246868";"Edwards"
4.961;5;5.02;8.538;9.496;1;12;0;7;1;0;"-93,658506";"42,022824";"Edwards"
5.033;4;6.841;0;10.067;2;2;0;5;0;0;"-93,678305";"42,020123";"Edwards"
5.193;5;5.358;5.856;9.449;1;12;0;6;0;2.324;"-93,677482";"42,021245";"Edwards"
5;5;0;0;12.238;2;9;0;8;0;0;"-93,677553";"42,021041";"Edwards"
5.09;5;4.874;9.914;9.914;1;9;0;6;0;4.828;"-93,677551";"42,020905";"Edwards"
5.041;4;6.841;9.895;9.895;1;9;1.342;4;0;0;"-93,676222";"42,021221";"Edwards"
5.098;6;5.628;9.525;9.932;1;7;0;5;1;0;"-93,675268";"42,020306";"Edwards"
5.033;5;0;9.468;9.468;1;8;0;6;1;3.6;"-93,673137";"42,02099";"Edwards"
5.293;7;7.446;8.464;8.517;2;1;4.135;8;1;3.888;"-93,672379";"42,01899";"Edwards"
5.219;7;5.977;8.194;8.27;2;1;2.877;7;1;4.002;"-93,672408";"42,018991";"Edwards"
5.149;5;7.219;0;9.95;2;6;0;11;0;0;"-93,674327";"42,01917";"Edwards"
5.234;5;6.634;8.128;8.128;2;1;0;6;0;0;"-93,67318";"42,018922";"Edwards"
5.146;6;6.874;7.016;9.822;2;0;2.717;5;0;0;"-93,669977";"42,01896";"Edwards"
5.163;6;6.874;7.016;9.822;1;1;2.683;5;0;0;"-93,669952";"42,01896";"Edwards"
5.114;7;5.848;9.343;9.343;2;1;2.121;7;0;0;"-93,670039";"42,018812";"Edwards"
4.929;4;5.367;8.879;8.879;1;10;0;5;0;0;"-93,666315";"42,019423";"Edwards"
4.991;4;4.648;0;9.895;2;12;0;9;0;2.877;"-93,6644556";"42,0217997";"Edwards"
5.079;5;0;7.256;7.256;1;1;0;5;0;1.944;"-93,660115";"42,021582";"Edwards"
4.908;5;0;7.695;7.695;1;2;0;8;0;0;"-93,659222";"42,022641";"Edwards"
5.049;4;5.879;7.099;8.464;1;2;0;6;0;3.888;"-93,664821";"42,01965";"Edwards"
5.097;4;5.652;8.314;8.314;1;11;0;4;1;0;"-93,66346";"42,018943";"Edwards"
5.132;5;5.196;8.57;8.859;1;11;0;8;0;3.3;"-93,66345";"42,018541";"Edwards"
5.041;6;6.893;7.846;7.846;1;2;0;7;0;0;"-93,657963";"42,022092";"Edwards"
5.291;6;6.504;9.129;9.129;2;3;1.342;7;1;5.692;"-93,638925";"42,060779";"Gilbert"
5.264;6;6;8.554;8.554;2;2;0;6;1;6.155;"-93,639067";"42,059909";"Gilbert"
5.278;6;6.504;9.222;9.222;2;3;0;7;1;4.762;"-93,639388";"42,059956";"Gilbert"
5.346;7;7.601;9.315;9.454;2;2;5.065;8;1;0;"-93,637871";"42,061407";"Gilbert"
5.283;6;6.518;9.212;9.212;2;2;0;7;2;3;"-93,638778";"42,060822";"Gilbert"
5.273;6;6.067;7.886;7.886;2;2;0;6;1;5.324;"-93,637566";"42,06048";"Gilbert"
5.25;5;6.03;11.015;11.161;2;3;0;7;0;0;"-93,636718";"42,060639";"Gilbert"
5.38;7;7.88;12.26;12.26;2;0;1.559;7;1;3.6;"-93,635967";"42,06281";"Gilbert"
5.577;9;8.26;12.536;12.536;2;1;3.795;7;2;4.253;"-93,635838";"42,062956";"Gilbert"
5.249;7;5.97;5.879;8.221;2;3;0;7;1;4.8;"-93,63921";"42,059283";"Gilbert"
5.219;6;6.148;7.92;7.92;2;3;3.175;6;1;4.135;"-93,636949";"42,058421";"Gilbert"
5.274;6;6.228;8.341;8.341;2;3;0;8;1;4.49;"-93,637763";"42,059411";"Gilbert"
5.258;6;6.067;7.977;7.977;2;3;0;7;1;0;"-93,637671";"42,059645";"Gilbert"
5.25;6;5.917;8.528;8.528;2;4;0;7;1;5.548;"-93,635753";"42,05793";"Gilbert"
5.241;6;5.556;7.949;7.949;2;3;0;6;1;0;"-93,636822";"42,058173";"Gilbert"
5.352;7;6.641;9.382;9.511;2;2;5.564;9;1;0;"-93,639325";"42,058201";"Gilbert"
5.256;7;6.708;11.321;11.392;2;4;0;5;0;0;"-93,634644";"42,058747";"Gilbert"
5.215;8;6.654;7.093;9.859;2;1;0;8;0;5.408;"-93,6235954";"42,0603514";"Gilbert"
5.161;5;7.175;9.749;9.749;1;11;0;5;0;4.874;"-93,625169";"42,056702";"Gilbert"
5.124;6;8.15;11.572;11.572;2;12;1.99;6;1;0;"-93,6225667";"42,0586718";"Gilbert"
5.253;6;5.947;8.395;8.395;2;0;0;8;1;0;"-93,645875";"42,062483";"Gilbert"
5.341;7;7.707;8.894;8.894;2;0;0;9;1;3;"-93,644366";"42,061928";"Gilbert"
5.284;5;5.786;8.117;8.128;2;1;0;7;1;3;"-93,64458";"42,060239";"Gilbert"
5.271;6;6.371;9.178;9.305;2;2;5.35;8;1;0;"-93,641331";"42,057986";"Gilbert"
5.387;6;5.925;9.449;9.591;2;2;1.897;7;1;1.47;"-93,641919";"42,059068";"Gilbert"
5.459;7;7.452;9.651;9.868;3;0;0;8;0;6;"-93,641283";"42,05696";"Gilbert"
5.173;6;5.333;8.05;10.156;2;12;0;8;0;0;"-93,628299";"42,025306";"IDOTRR"
5.306;6;7.695;8.166;11.607;3;9;4.589;9;1;0;"-93,629496";"42,021576";"IDOTRR"
5.149;6;6.997;8.379;8.379;1;12;0;6;1;0;"-93,6275137";"42,0242321";"IDOTRR"
4.927;6;0;6.841;6.841;1;5;0;5;0;2.184;"-93,629501";"42,022825";"IDOTRR"
4.998;4;6.264;8.528;8.684;2;10;0;5;0;0;"-93,628263";"42,022963";"IDOTRR"
5.009;5;4.399;9.372;9.372;1;12;0;5;0;3.795;"-93,628467";"42,022786";"IDOTRR"
5.061;5;0;8.448;9.473;2;1;0;7;0;0;"-93,628412";"42,022836";"IDOTRR"
5.163;6;6.748;8.803;8.803;1;12;0;6;0;2.939;"-93,62841";"42,022709";"IDOTRR"
5.1;6;4.189;8.97;9.095;1;2;0;5;0;0;"-93,628409";"42,022607";"IDOTRR"
4.74;4;0;8.464;8.464;1;12;0;5;0;0;"-93,625291";"42,022797";"IDOTRR"
5.081;6;6.235;8.57;8.57;1;1;0;5;0;0;"-93,625288";"42,022516";"IDOTRR"
4.914;2;4.243;6.573;6.971;1;12;0;4;0;0;"-93,629496";"42,021414";"IDOTRR"
4.892;5;4.124;7.324;7.324;1;12;0;6;0;0;"-93,625299";"42,021596";"IDOTRR"
5.027;4;5.425;9.251;9.251;1;12;0;6;0;0;"-93,626683";"42,020207";"IDOTRR"
5.219;5;5.66;10.178;10.178;2;10;3.818;7;0;0;"-93,625143";"42,021389";"IDOTRR"
5.143;6;5.879;9.329;9.329;2;10;5.425;6;0;0;"-93,625147";"42,02153";"IDOTRR"
4.949;4;4.08;3.946;8.617;1;12;0;6;0;0;"-93,615426";"42,021162";"IDOTRR"
4.929;3;0;9.548;9.548;1;6;0;6;0;0;"-93,616895";"42,020184";"IDOTRR"
5.146;4;8.05;9.827;9.827;1;6;0;6;0;0;"-93,6150637";"42,0214218";"IDOTRR"
5.097;5;4.409;8.679;9.492;1;0;0;5;0;3.723;"-93,613886";"42,021555";"IDOTRR"
4.748;5;6.735;6.971;9.693;1;12;0;4;0;0;"-93,608271";"42,021327";"IDOTRR"
4.892;3;0;4.409;7.2;1;12;0;6;0;0;"-93,604344";"42,022603";"IDOTRR"
5.127;5;6.893;10.138;10.138;1;7;0;6;1;6.946;"-93,605354";"41,99284";"MeadowV"
5.104;5;5.499;8.254;9.124;2;6;0;6;1;3.059;"-93,603922";"41,990523";"MeadowV"
5.18;6;7.2;9.208;10.779;2;7;0;10;1;8.094;"-93,603518";"41,991731";"MeadowV"
4.959;4;5.17;6.448;6.88;1;8;0;5;0;3.286;"-93,604252";"41,991786";"MeadowV"
5.077;5;4.772;9.222;9.222;1;8;0;5;1;3.957;"-93,604318";"41,991758";"MeadowV"
4.9;4;4.772;7.01;7.01;1;7;0;5;0;0;"-93,603524";"41,992159";"MeadowV"
4.878;4;0;7.53;7.53;1;8;0;3;0;2.939;"-93,60359";"41,992119";"MeadowV"
4.964;5;0;7.53;7.53;1;8;0;3;0;0;"-93,602043";"41,992533";"MeadowV"
4.9;4;0;7.01;7.01;1;8;0;5;0;0;"-93,601844";"41,992497";"MeadowV"
4.944;4;5.073;7.01;7.01;1;8;0;6;0;4.628;"-93,60176";"41,991786";"MeadowV"
5.127;6;6.6;9.877;9.859;1;5;0;5;0;3.286;"-93,607597";"41,994206";"Mitchel"
5.406;8;8.166;9.716;9.656;2;3;0;8;1;0;"-93,604947";"41,99706";"Mitchel"
5.194;6;5.62;9.01;9.129;1;7;0;5;1;5.358;"-93,604716";"41,997067";"Mitchel"
5.233;6;5.676;9.932;10.031;1;7;0;6;1;4.274;"-93,604549";"41,997069";"Mitchel"
5.1;5;6.965;0;10.825;2;7;0;8;0;0;"-93,604519";"41,996919";"Mitchel"
5;5;6.6;0;9.178;2;7;0;8;0;0;"-93,602912";"41,996903";"Mitchel"
5.182;5;7.777;11.932;11.981;2;4;0;5;0;0;"-93,602424";"41,996066";"Mitchel"
5.233;7;8.303;13.101;13.278;3;4;2.51;9;0;0;"-93,603854";"41,996063";"Mitchel"
5.155;6;6.893;9.343;9.609;1;7;0;5;1;4.168;"-93,601779";"41,994188";"Mitchel"
5.239;5;7.494;11.345;11.345;2;1;0;7;0;0;"-93,608372";"41,990934";"Mitchel"
5.238;4;8.746;10.392;10.392;1;9;2.97;6;0;0;"-93,606374";"41,993185";"Mitchel"
5.221;5;7.857;10.998;10.998;2;3;0;7;1;5.433;"-93,608223";"41,991004";"Mitchel"
5.179;6;7.187;12.471;12.471;2;6;0;8;0;1.897;"-93,6044746";"41,9900428";"Mitchel"
5.196;5;6.913;8.027;8.027;1;6;0;6;1;0;"-93,604524";"41,989488";"Mitchel"
5.112;5;7.494;8.314;8.314;1;8;0;5;0;3.059;"-93,6015199";"41,991371";"Mitchel"
5.154;6;7.275;9.501;9.501;1;5;0;6;0;3.286;"-93,604776";"41,988964";"Mitchel"
5.049;5;0;8.659;8.659;1;5;0;5;0;0;"-93,603867";"41,988222";"Mitchel"
5.176;5;6.675;8.659;8.659;1;6;0;5;0;6.228;"-93,6035354";"41,9889358";"Mitchel"
5.173;5;7.926;8.632;8.915;1;4;0;5;1;3;"-93,602777";"41,987659";"Mitchel"
5.121;5;0;9.06;9.343;1;3;0;6;0;2.683;"-93,606847";"41,98651";"Mitchel"
4.971;5;0;9.363;9.363;1;3;0;5;0;0;"-93,606641";"41,98651";"Mitchel"
5.134;5;7.2;7.494;7.494;1;4;0;6;0;1.407;"-93,600582";"41,986647";"Mitchel"
5.207;5;4.975;8.818;8.818;2;9;0;8;0;5.082;"-93,599791";"41,9913";"Mitchel"
5.238;5;8.99;8.4;8.4;1;8;4.002;7;1;0;"-93,600191";"41,99095";"Mitchel"
5.197;6;5.308;9.525;9.6;1;10;4.686;5;2;0;"-93,618182";"42,053327";"NAmes"
5.095;6;6.722;8.91;8.91;1;11;0;5;0;0;"-93,6188955";"42,0530363";"NAmes"
5.387;7;6.854;13.78;13.78;2;9;0;8;2;0;"-93,61732";"42,051245";"NAmes"
5.284;7;6.748;12.907;12.907;2;8;6.25;8;1;0;"-93,617432";"42,050507";"NAmes"
5.538;8;6.958;13.254;13.416;2;3;0;9;3;4.92;"-93,615524";"42,049322";"NAmes"
5.134;5;0;8.98;8.98;2;7;0;8;0;1.697;"-93,625856";"42,056398";"NAmes"
5.179;6;6.434;9.74;9.74;1;8;0;6;0;4.025;"-93,627875";"42,05539";"NAmes"
5.142;5;5.187;9.932;9.932;1;8;0;6;0;4.648;"-93,62626";"42,055131";"NAmes"
5.081;4;7.707;8.818;8.818;1;8;0;5;0;2.939;"-93,625657";"42,053306";"NAmes"
5.107;4;4.93;9.07;9.07;1;10;0;4;0;3.55;"-93,6247461";"42,0562952";"NAmes"
5.114;4;7.2;8.818;8.818;1;1;0;5;0;4.243;"-93,6223289";"42,056461";"NAmes"
5.124;7;5.747;8.067;8.308;1;2;4.047;4;0;3.286;"-93,624798";"42,05467";"NAmes"
5.258;6;6.782;11.245;10.97;2;2;0;5;0;3.6;"-93,624873";"42,054693";"NAmes"
5.248;6;6.854;11.245;10.97;2;2;0;5;1;0;"-93,624431";"42,055319";"NAmes"
5.09;5;5.091;8.818;9;1;8;0;6;1;3.969;"-93,62895";"42,048946";"NAmes"
5.146;5;5.417;8.659;8.99;1;8;0;6;0;3.587;"-93,628069";"42,045878";"NAmes"
5.161;5;7.2;12.471;12.471;2;9;0;10;0;0;"-93,62462";"42,047541";"NAmes"
5.164;5;8.92;8.818;10.392;1;2;3.865;6;0;0;"-93,624612";"42,045685";"NAmes"
5.07;5;6.214;9.124;9.124;1;9;0;5;0;0;"-93,624612";"42,046635";"NAmes"
5.151;4;5.97;8.97;8.97;1;10;0;5;1;0;"-93,622991";"42,043135";"NAmes"
4.991;5;4.902;0;9.553;1;11;0;6;0;0;"-93,621336";"42,042398";"NAmes"
5.11;4;0;9.247;10.5;1;11;0;6;0;5.628;"-93,623383";"42,043363";"NAmes"
5.25;5;7.2;9.712;12.471;2;11;2.51;7;1;0;"-93,622476";"42,044926";"NAmes"
5.07;5;5.299;8.97;8.97;1;10;0;5;0;0;"-93,62144";"42,043627";"NAmes"
5.223;6;6.518;11.681;11.681;1;9;4.025;6;0;0;"-93,629415";"42,040645";"NAmes"
5.269;6;5.187;10.336;11.868;2;2;0;7;2;4.243;"-93,630156";"42,040072";"NAmes"
5.253;5;6.821;11.658;11.658;2;9;4.911;6;0;0;"-93,627536";"42,038971";"NAmes"
5.207;6;6.293;9.684;9.684;2;9;2.97;5;0;4.157;"-93,630023";"42,040143";"NAmes"
5.227;6;6.841;10.598;11.023;1;9;4.828;6;0;3.98;"-93,626171";"42,041811";"NAmes"
5.146;5;6.371;10.013;10.013;1;10;0;5;0;0;"-93,626762";"42,038323";"NAmes"
5.26;6;7.175;10.147;11.341;1;4;2.766;7;2;4.409;"-93,624484";"42,04074";"NAmes"
5.008;4;6.448;0;10.496;2;9;0;6;0;0;"-93,621368";"42,041332";"NAmes"
5.137;5;4.975;9.525;9.525;1;11;0;4;1;0;"-93,622649";"42,038351";"NAmes"
5.141;5;6.788;8.601;9.04;1;3;0;4;0;5.056;"-93,621503";"42,0392";"NAmes"
5.296;5;6;10.129;13.176;2;2;4.884;7;2;0;"-93,620651";"42,039211";"NAmes"
5.217;6;6.971;8.57;10.071;1;6;4.948;9;1;0;"-93,625632";"42,034615";"NAmes"
5.13;5;5.02;9.749;10.461;1;11;3.6;7;0;0;"-93,623704";"42,036024";"NAmes"
5.223;6;6.134;11.289;12.164;1;12;4.628;7;2;3.146;"-93,623705";"42,034741";"NAmes"
5.219;6;5.825;9.449;12.227;1;3;0;8;1;0;"-93,623556";"42,03713";"NAmes"
5.053;5;5.299;9.656;9.656;1;11;2.814;5;0;3.286;"-93,620487";"42,034679";"NAmes"
5.25;6;5.324;9.859;10.076;1;1;4.409;5;1;4.628;"-93,618221";"42,048494";"NAmes"
5.093;5;8.443;11.94;11.94;2;9;0;8;0;0;"-93,619673";"42,049306";"NAmes"
5.305;7;6.654;8.818;9.01;1;4;5.091;8;2;2.324;"-93,6167";"42,048952";"NAmes"
5.212;6;6.735;11.072;11.072;1;10;6.648;6;1;0;"-93,616552";"42,047782";"NAmes"
5.273;6;6.907;11.435;11.435;2;10;0.52;6;1;0;"-93,617963";"42,048294";"NAmes"
5.146;5;6.406;10.147;10.147;1;10;3.499;6;0;0;"-93,6178602";"42,0470858";"NAmes"
5.059;5;4.975;9.06;9.06;1;10;0.3;5;0;0;"-93,616099";"42,045809";"NAmes"
5.287;6;6.768;8.98;10.314;2;9;7.2;8;1;0;"-93,614619";"42,04806";"NAmes"
5.111;6;7.324;9.586;11.483;2;6;3.189;7;1;0;"-93,615535";"42,046882";"NAmes"
5.149;6;5.324;9.178;9.178;1;2;0;4;0;0;"-93,618786";"42,044053";"NAmes"
5.13;5;7.2;12.015;12.015;2;11;0;8;0;1.944;"-93,617693";"42,044895";"NAmes"
5.135;5;5.126;10.288;10.288;1;11;3.587;6;2;0;"-93,618634";"42,043988";"NAmes"
5.176;6;5.499;10.581;10.581;1;10;0;6;2;0;"-93,613046";"42,044218";"NAmes"
5.143;6;5.17;10.375;10.375;1;11;2.581;6;1;0;"-93,614856";"42,042187";"NAmes"
5.17;5;5.196;9.758;11.104;1;10;4.948;6;1;4.146;"-93,615882";"42,042105";"NAmes"
5.129;5;6.343;9.813;10.547;1;2;2.4;6;1;0;"-93,612462";"42,042905";"NAmes"
5.13;5;5.35;8.818;9.786;1;12;0;4;0;0;"-93,615622";"42,040396";"NAmes"
5.146;6;6.371;11.092;11.124;1;11;0;5;1;0;"-93,618593";"42,040252";"NAmes"
5.1;5;6.573;7.536;10.004;1;12;0;5;0;0;"-93,617219";"42,038356";"NAmes"
5.143;5;8.695;9.256;9.256;1;12;0;4;0;0;"-93,615621";"42,039531";"NAmes"
5.068;5;5.925;9.114;9.124;1;11;0;5;2;2.7;"-93,612075";"42,0384781";"NAmes"
5.121;5;4.762;9.139;9.139;1;2;0;4;0;4.847;"-93,612252";"42,038545";"NAmes"
5.161;5;6.641;9.886;9.886;1;2;3.059;6;0;0;"-93,618788";"42,038249";"NAmes"
5.163;5;4.55;9.633;9.633;1;1;0;5;0;0;"-93,618605";"42,034918";"NAmes"
5.185;4;5.02;9.972;12.175;1;11;0;6;1;4.5;"-93,618606";"42,034789";"NAmes"
5.012;5;7.446;0;10.436;1;12;3.55;7;0;4.327;"-93,618607";"42,034686";"NAmes"
5.114;5;4.705;10.392;10.392;1;12;0;6;0;3.367;"-93,61719";"42,035829";"NAmes"
5.121;6;4.648;9.353;9.353;1;2;0;5;1;0;"-93,617182";"42,034746";"NAmes"
5.204;6;6.293;9.895;10.916;2;9;3.015;6;1;0;"-93,608909";"42,040944";"NAmes"
5.079;5;4.648;9.099;8.94;1;10;2.184;5;0;0;"-93,609148";"42,039983";"NAmes"
5.061;5;5.091;9.06;9.06;1;9;0;5;0;0;"-93,610501";"42,040148";"NAmes"
5.203;6;6.965;7.678;10.366;1;10;0;6;1;0;"-93,607257";"42,0385";"NAmes"
5.079;6;5.091;8.818;8.818;1;10;4.316;4;0;3.888;"-93,608422";"42,038497";"NAmes"
5.13;6;5.265;9.972;9.972;1;11;3.587;5;0;0;"-93,608927";"42,038349";"NAmes"
5.114;5;5.265;8.57;8.57;1;10;0;5;0;0;"-93,609073";"42,038297";"NAmes"
5.197;6;6.695;11.533;11.533;2;10;1.643;6;2;0;"-93,606573";"42,040766";"NAmes"
5.13;5;6.735;9.675;9.675;1;8;4.157;9;2;5.491;"-93,605388";"42,038888";"NAmes"
5.17;6;6.007;9.864;9.864;1;3;4.984;5;0;1.8;"-93,607174";"42,039987";"NAmes"
5.039;5;7.5;0;9.675;1;12;0;5;0;0;"-93,608903";"42,035996";"NAmes"
5.182;5;5.4;10.573;10.573;1;10;0;6;0;0;"-93,606782";"42,037084";"NAmes"
5.122;5;7.777;10.165;10.165;1;10;0;6;0;0;"-93,606786";"42,037214";"NAmes"
4.911;3;6;0;9.675;2;12;0;6;0;0;"-93,609053";"42,034805";"NAmes"
4.971;3;6;0;9.675;2;12;0;6;0;0;"-93,609053";"42,034662";"NAmes"
5.125;4;5.879;8.653;8.653;2;3;0;6;0;0;"-93,609945";"42,0347542";"NAmes"
5.114;5;0;12.728;12.728;2;10;0;10;0;0;"-93,6071073";"42,0347301";"NAmes"
5.176;5;6.573;8.314;9.6;1;9;0;6;0;0;"-93,607799";"42,034636";"NAmes"
5.039;5;5.612;8.617;8.617;1;11;0;4;0;0;"-93,607801";"42,034801";"NAmes"
5.204;6;6.293;10.022;10.022;1;10;4.847;5;0;0;"-93,605943";"42,034748";"NAmes"
5.161;6;6.593;8.379;9.454;1;9;6.148;8;0;0;"-93,604987";"42,037049";"NAmes"
5.146;6;6.593;8.379;9.406;1;9;6.111;8;1;0;"-93,604986";"42,036973";"NAmes"
5.283;6;6.293;11.205;11.205;1;6;4.429;7;1;7.69;"-93,604835";"42,036873";"NAmes"
5.136;5;4.874;10.026;10.026;1;9;0;6;0;0;"-93,603702";"42,035724";"NAmes"
5.099;5;5.144;8.818;8.818;1;9;0;5;0;2.285;"-93,603703";"42,0346";"NAmes"
5.129;5;5.196;9.124;9.482;1;9;0;6;0;3.674;"-93,605839";"42,03548";"NAmes"
5.114;5;5.091;8.98;9.178;1;9;0;6;1;1.47;"-93,604562";"42,035034";"NAmes"
5.477;8;8.314;10.218;10.414;2;2;5.383;7;1;0;"-93,654444";"42,053801";"NoRidge"
5.585;8;9.124;12.653;12.653;2;2;6.808;8;2;2.615;"-93,655711";"42,053364";"NoRidge"
5.398;8;8.674;10.151;10.151;2;2;5.612;9;1;4.157;"-93,653324";"42,055748";"NoRidge"
5.394;8;7.637;9.339;9.473;2;2;2.546;8;1;0;"-93,652894";"42,055751";"NoRidge"
5.464;9;7.863;11.692;11.746;2;2;5.153;8;1;3.818;"-93,650932";"42,055777";"NoRidge"
5.613;9;8.517;11.257;12.263;2;2;6.163;9;1;3.118;"-93,652641";"42,05359";"NoRidge"
5.447;8;7.299;9.886;9.886;2;2;6.907;7;1;4.327;"-93,65227";"42,053154";"NoRidge"
5.526;8;7.8;10.5;10.716;2;2;9.367;8;1;4.743;"-93,65238";"42,053041";"NoRidge"
5.401;7;7.348;9.795;9.986;2;2;4.975;8;1;3.286;"-93,649901";"42,053467";"NoRidge"
5.416;7;6.887;12.442;12.442;2;3;5.515;7;1;4.648;"-93,654206";"42,051721";"NoRidge"
5.533;7;9.406;10.862;10.92;2;3;7.654;9;1;4.743;"-93,65579";"42,049501";"NoRidge"
5.498;8;7.96;10.758;11.868;2;3;6.148;8;1;6.235;"-93,653479";"42,049528";"NoRidge"
5.42;8;6.821;9.972;9.972;2;3;5.274;9;1;0;"-93,652946";"42,049509";"NoRidge"
5.519;8;9.164;10.92;10.961;2;2;6.88;8;1;4.221;"-93,653864";"42,052416";"NoRidge"
5.613;8;7.742;13.527;13.593;2;3;7.219;9;1;5.047;"-93,652972";"42,050909";"NoRidge"
5.421;8;7.488;10.275;10.457;2;3;5.786;8;1;3.946;"-93,652117";"42,050215";"NoRidge"
5.433;7;6.874;10.491;10.491;2;3;6.35;5;2;3.923;"-93,651801";"42,050692";"NoRidge"
5.415;8;6.448;10.767;10.821;2;3;5.056;9;1;3.381;"-93,653876";"42,045763";"NoRidge"
5.428;7;7.287;9.927;10.244;2;2;0;9;1;0;"-93,650474";"42,047997";"NoRidge"
5.19;6;6.293;8.506;8.506;2;7;0;7;1;2.078;"-93,624575";"42,05057";"NPkVill"
5.079;7;5.265;8.674;8.674;1;7;0;4;0;0;"-93,625966";"42,050681";"NPkVill"
5.14;6;6.293;8.772;8.772;2;7;0;6;1;3.637;"-93,625696";"42,050222";"NPkVill"
5.502;8;8.58;12.347;12.347;2;0;4.781;7;0;3.888;"-93,657679";"42,063298";"NridgHt"
5.508;8;8.777;12.347;12.347;2;0;5.213;7;1;0;"-93,6569765";"42,0632689";"NridgHt"
5.618;9;8.117;13.816;13.816;2;0;5.324;8;1;3.341;"-93,6570383";"42,0619544";"NridgHt"
5.575;9;8.221;11.962;12.101;2;0;3.818;10;1;3.6;"-93,653201";"42,062352";"NridgHt"
5.597;8;8.975;13.197;13.326;2;1;5.809;9;1;5.324;"-93,6562861";"42,0624082";"NridgHt"
5.766;9;9.581;12.492;12.492;3;0;6.177;12;1;2.163;"-93,657049";"42,0623985";"NridgHt"
5.583;9;7.971;13.248;13.248;2;1;6.573;7;1;3.747;"-93,657889";"42,061133";"NridgHt"
5.513;9;8.335;12.844;12.903;2;1;5.833;8;1;6.834;"-93,658788";"42,060342";"NridgHt"
5.621;9;8.559;12.384;12.449;2;1;5.731;9;1;5.038;"-93,657211";"42,06027";"NridgHt"
5.415;8;8.094;11.932;11.932;2;0;0;7;1;0;"-93,6554248";"42,061133";"NridgHt"
5.342;7;6.92;11.777;11.777;2;1;4.51;7;1;0;"-93,652713";"42,060872";"NridgHt"
5.398;8;7.684;9.237;9.237;2;1;3.118;10;1;3;"-93,654734";"42,060425";"NridgHt"
5.431;7;7.244;12.586;12.586;2;1;6.134;8;1;3.854;"-93,6547754";"42,0598989";"NridgHt"
5.513;8;8.427;11.932;12.037;1;0;5.196;8;1;4.002;"-93,650917";"42,059561";"NridgHt"
5.577;9;8.57;12.657;12.657;2;1;7.788;7;1;3.6;"-93,655461";"42,059825";"NridgHt"
5.615;9;8.083;11.895;11.895;2;1;7.73;10;2;6;"-93,65572";"42,058683";"NridgHt"
5.398;8;8.879;10.808;10.808;2;0;0;7;0;0;"-93,650406";"42,059194";"NridgHt"
5.453;8;8.117;12.011;11.906;2;1;6.735;7;1;4.409;"-93,651216";"42,058649";"NridgHt"
5.568;8;8.459;12.604;12.742;2;1;4.46;9;1;4.911;"-93,654914";"42,058694";"NridgHt"
5.565;9;9.73;12.377;12.377;1;0;8.303;7;1;0;"-93,6513669";"42,0579589";"NridgHt"
5.306;8;6.6;11.104;11.104;2;1;4.002;6;1;3.286;"-93,649291";"42,058284";"NridgHt"
5.438;8;7.275;11.688;11.688;1;1;6.518;6;1;4.08;"-93,653868";"42,056766";"NridgHt"
5.238;7;6.559;11.245;11.245;2;2;3.83;6;1;3.65;"-93,651014";"42,057277";"NridgHt"
5.26;7;7.336;10.649;10.649;2;5;3.957;6;0;3.699;"-93,637808";"42,054439";"NWAmes"
5.243;5;6.971;10.067;10.067;2;7;0;6;0;4.025;"-93,633168";"42,055432";"NWAmes"
5.444;8;6.984;15.072;15.072;2;6;0;9;1;6.531;"-93,633796";"42,052915";"NWAmes"
5.167;5;6.6;8.05;8.05;1;8;0;7;0;0;"-93,637105";"42,050326";"NWAmes"
5.296;5;6.6;8.379;9.895;2;7;1.99;9;1;6.35;"-93,635919";"42,049394";"NWAmes"
5.199;7;6.748;10.288;10.362;2;7;0;5;1;1.897;"-93,630253";"42,052448";"NWAmes"
5.258;6;6.6;9.675;10.854;1;2;2.985;5;1;4.884;"-93,630289";"42,04977";"NWAmes"
5.196;5;6.286;10.288;10.297;1;2;0;5;1;4.49;"-93,631129";"42,049609";"NWAmes"
5.23;7;6.62;7.162;10.487;3;3;3.587;8;1;0;"-93,6346";"42,048199";"NWAmes"
5.38;6;7.162;9.525;11.237;2;8;6.874;8;1;0;"-93,635094";"42,047758";"NWAmes"
5.262;6;6.815;11.333;11.333;2;8;0;7;0;0;"-93,6343272";"42,0492538";"NWAmes"
5.301;7;6.6;9.981;9.981;2;8;4.648;7;2;4.599;"-93,631971";"42,048761";"NWAmes"
5.398;6;7.464;9.74;11.665;2;5;4.45;9;1;0;"-93,633466";"42,046472";"NWAmes"
5.218;6;6.6;8.117;9.544;1;7;5.091;8;1;3.65;"-93,630258";"42,04806";"NWAmes"
5.212;5;6.722;10.767;10.965;2;8;3.394;6;1;5.299;"-93,632537";"42,045806";"NWAmes"
5.233;6;6.3;8.022;9.149;1;8;0;7;0;0;"-93,632554";"42,043821";"NWAmes"
5.244;7;6.893;10.573;10.573;1;7;5.367;6;1;0;"-93,631302";"42,04389";"NWAmes"
5.13;5;6.748;12.208;12.208;2;7;7.125;8;0;0;"-93,6304229";"42,0453551";"NWAmes"
5.237;6;6.675;10.53;10.9;2;8;6.768;5;1;0;"-93,627416";"42,043935";"NWAmes"
5.238;6;6.6;8.485;8.485;1;2;4.762;7;0;0;"-93,625925";"42,043142";"NWAmes"
4.999;3;5.778;8.011;8.011;1;1;0;5;0;0;"-93,6143498";"42,0378602";"OldTown"
5.13;5;4.025;7.707;8.528;2;5;0;8;0;0;"-93,6144209";"42,037679";"OldTown"
5.014;4;0;8.91;8.91;1;11;0;4;0;0;"-93,6133009";"42,0380982";"OldTown"
5.192;6;6.893;7.725;8.346;2;12;0;7;1;2.1;"-93,6116427";"42,0367836";"OldTown"
4.771;2;0;6.119;7.342;1;12;0;4;0;0;"-93,6117397";"42,0347572";"OldTown"
5.026;4;0;0;7.903;2;2;0;7;0;4.45;"-93,612253";"42,035222";"OldTown"
5.013;5;7.2;8.746;9.295;1;6;0;5;0;0;"-93,618969";"42,034403";"OldTown"
5.155;6;5.265;4.157;10.098;1;0;0;7;0;0;"-93,6195726";"42,0342174";"OldTown"
5.029;4;4.347;7.857;8.538;1;12;0;8;0;0;"-93,6195519";"42,0334994";"OldTown"
5.041;5;6.293;6.293;7.835;1;6;0;5;0;2.581;"-93,615583";"42,033273";"OldTown"
4.905;4;4.648;7.988;10.204;1;12;8.33;9;2;2.75;"-93,617014";"42,033313";"OldTown"
5.11;6;3.818;9.005;8.803;1;3;0;6;0;2.205;"-93,619013";"42,0320748";"OldTown"
4.985;4;0;7.2;8.443;1;2;0;7;0;0;"-93,617135";"42,032134";"OldTown"
4.806;5;4.8;7.777;7.777;1;12;0;4;0;0;"-93,616991";"42,032419";"OldTown"
5.25;7;7.01;8.094;8.653;1;4;0;6;1;0;"-93,618489";"42,03139";"OldTown"
5.031;5;6.235;9.458;11.136;2;9;0;11;0;0;"-93,618486";"42,031305";"OldTown"
5.039;5;0;9.178;9.178;1;12;0;5;1;2.142;"-93,62024";"42,031363";"OldTown"
4.976;4;0;7.348;9.954;2;12;0;8;0;0;"-93,6200683";"42,0304742";"OldTown"
5.033;6;5.02;9.637;9.637;1;12;0;5;0;0;"-93,618334";"42,030463";"OldTown"
5.047;5;4.409;8.716;8.716;1;12;0;5;0;2.121;"-93,615638";"42,031196";"OldTown"
5.021;4;6.893;7.2;8.818;1;12;0;5;0;0;"-93,6145858";"42,0330459";"OldTown"
5.079;7;0;9.154;9.614;1;1;0;5;1;0;"-93,613969";"42,032161";"OldTown"
5.076;5;4.648;8.421;8.506;1;4;5.144;4;2;0;"-93,615446";"42,032391";"OldTown"
4.968;4;7.2;9.178;9.178;1;12;0;4;0;0;"-93,6129105";"42,0310603";"OldTown"
4.978;5;0;7.846;7.846;1;3;0;5;0;0;"-93,6112887";"42,0303597";"OldTown"
5.13;5;7.2;7.823;7.823;1;1;0;6;1;3.231;"-93,60861";"42,033385";"OldTown"
4.952;4;7.777;9.035;10.089;1;2;6.257;7;0;0;"-93,606857";"42,033313";"OldTown"
5.146;5;8.844;9.02;9.02;1;12;0;5;1;0;"-93,607771";"42,033249";"OldTown"
5.079;6;5.833;8.325;8.925;1;12;0;5;0;0;"-93,608938";"42,030368";"OldTown"
5.076;6;4.648;8.627;8.627;1;2;0;6;0;0;"-93,6090761";"42,0303113";"OldTown"
5.111;5;4.648;9.614;9.614;1;1;0;7;1;0;"-93,610466";"42,030383";"OldTown"
5.137;4;5.548;9.836;10.2;2;12;0;7;0;0;"-93,61047";"42,030579";"OldTown"
5.187;5;8.05;8.879;8.879;1;12;0;7;1;6.134;"-93,620179";"42,029058";"OldTown"
5.121;7;5.091;7.494;8.106;1;9;0;7;0;0;"-93,620183";"42,02928";"OldTown"
5.057;5;5.265;5.58;7.988;1;1;0;5;0;0;"-93,618297";"42,029281";"OldTown"
4.94;4;8.373;9.927;9.927;2;12;0;8;0;0;"-93,616886";"42,027993";"OldTown"
5.212;6;7.777;6.586;10.483;2;2;0;7;1;0;"-93,612239";"42,029084";"OldTown"
5.158;7;4.5;8.564;8.564;1;12;0;7;1;0;"-93,615337";"42,027953";"OldTown"
5.38;8;7.494;5.58;10.204;3;2;0;7;0;0;"-93,61221";"42,028145";"OldTown"
5.225;8;6.177;9.08;9.08;1;5;0;8;1;0;"-93,610582";"42,028104";"OldTown"
5.146;7;6.573;7.2;9.01;2;12;0;9;0;1.039;"-93,62338";"42,027986";"OldTown"
5.204;6;5.692;10.573;10.573;2;5;0;8;0;2.4;"-93,621676";"42,02903";"OldTown"
5.134;6;4.409;8.016;12.238;2;12;0;10;1;2.814;"-93,62033";"42,02911";"OldTown"
4.796;5;0;9.675;9.895;2;12;0;11;0;0;"-93,621633";"42,026956";"OldTown"
5.086;6;4.025;7.719;7.719;1;4;0;6;0;0;"-93,621632";"42,026914";"OldTown"
4.72;4;0;7.897;7.897;1;12;0;4;0;0;"-93,622624";"42,02689";"OldTown"
5.109;5;7.707;8.05;8.767;1;12;0;7;0;4.618;"-93,622793";"42,026723";"OldTown"
4.94;5;0;7.777;8.695;1;12;0;5;1;0;"-93,62188";"42,0261614";"OldTown"
5.041;5;6;9.391;9.391;1;10;0;5;0;0;"-93,676364";"42,035806";"Sawyer"
5.149;5;8.117;8.818;8.818;1;10;0;5;0;0;"-93,674051";"42,034615";"Sawyer"
5.111;4;6.997;9.675;10.04;1;10;0;5;0;3.888;"-93,669559";"42,034532";"Sawyer"
5.1;5;5.282;9.411;9.411;1;9;0;5;0;0;"-93,669553";"42,034692";"Sawyer"
5.141;5;5.499;8.97;8.97;1;1;0;5;1;6.119;"-93,670956";"42,035685";"Sawyer"
5.064;5;5.144;8.91;9.045;1;8;2.846;5;0;0;"-93,671037";"42,035696";"Sawyer"
5.161;5;7.857;9.675;9.675;1;8;0;5;0;4.113;"-93,672318";"42,035675";"Sawyer"
5.124;5;5.265;9.675;9.675;1;10;0;5;0;0;"-93,672067";"42,03457";"Sawyer"
5.109;5;7.175;9.43;9.43;1;10;2.265;5;0;0;"-93,673518";"42,034652";"Sawyer"
5.104;5;4.837;9.675;9.675;1;0;0;6;0;0;"-93,669688";"42,035333";"Sawyer"
5.13;5;5.091;9.06;10.547;1;3;0;6;1;0;"-93,669757";"42,03458";"Sawyer"
5.146;5;6.641;9.492;9.492;2;8;0;5;1;0;"-93,660522";"42,034532";"Sawyer"
5.167;6;6.984;9.693;9.744;1;1;0;5;1;6.399;"-93,662134";"42,034673";"Sawyer"
5.138;5;5.091;8.517;9.864;1;11;1.921;7;1;0;"-93,657017";"42,034411";"Sawyer"
4.948;4;4.45;7.099;7.96;1;2;0;4;0;0;"-93,659205";"42,032681";"Sawyer"
5.135;4;0;12.614;12.614;2;9;0;8;0;0;"-93,671076";"42,033387";"Sawyer"
5.143;5;6.573;10.044;10.044;1;10;0;5;0;0;"-93,675401";"42,033633";"Sawyer"
5.09;5;4.874;9.675;9.675;1;9;6.307;6;0;0;"-93,67369";"42,032385";"Sawyer"
5.079;5;7.2;8.314;8.839;1;4;0;6;0;3.524;"-93,678149";"42,029562";"Sawyer"
5.199;6;5.187;7.725;7.725;1;9;3.587;7;0;5.84;"-93,676654";"42,029731";"Sawyer"
5.111;5;6.364;8.97;8.97;1;8;0;5;1;0;"-93,676681";"42,029786";"Sawyer"
5.185;6;6.735;6.364;9.647;1;6;1.897;6;1;5.291;"-93,672718";"42,031348";"Sawyer"
5.205;6;7.446;9.295;9.675;1;6;4.243;6;1;3.434;"-93,672645";"42,031347";"Sawyer"
5.195;5;7.225;13.305;13.305;2;6;0;10;0;3.912;"-93,670204";"42,030231";"Sawyer"
5.196;5;7.262;13.244;13.244;2;6;2.985;10;0;1.697;"-93,670514";"42,030232";"Sawyer"
5.182;5;6.748;9.767;10.067;1;5;0;5;0;4.002;"-93,671905";"42,030552";"Sawyer"
5.021;5;5.383;8.859;8.859;1;12;2.419;5;1;0;"-93,667081";"42,032307";"Sawyer"
5.225;5;7.2;10.34;11.372;1;4;0;6;1;5.231;"-93,66412";"42,032478";"Sawyer"
5.137;5;5.222;10.209;10.288;1;2;5.532;6;2;0;"-93,661985";"42,034018";"Sawyer"
5.154;5;6.293;8.818;8.97;1;7;0;5;1;4.657;"-93,676352";"42,028836";"Sawyer"
5.274;6;6.984;8.669;8.669;2;1;0;7;0;3.587;"-93,692431";"42,035271";"SawyerW"
5.201;7;7.2;10.013;10.013;1;1;0;6;0;4.724;"-93,691868";"42,037923";"SawyerW"
5.121;6;0;10.089;10.089;1;0;0;6;0;0;"-93,691787";"42,037915";"SawyerW"
5.185;5;7.2;10.013;10.013;2;1;0;6;0;0;"-93,690159";"42,037756";"SawyerW"
5.238;6;6.841;8.475;8.475;2;1;0;6;0;3.524;"-93,691246";"42,036525";"SawyerW"
5.258;7;7.137;11.467;11.565;2;1;3.912;7;0;0;"-93,691244";"42,03722";"SawyerW"
5.23;7;6.593;10.226;10.226;2;1;0;6;0;0;"-93,69124";"42,037258";"SawyerW"
5.312;7;6.455;9.237;10.487;2;2;0;8;2;0;"-93,68981";"42,036026";"SawyerW"
5.303;6;6.511;9.139;9.178;2;3;3.074;7;0;5.196;"-93,689026";"42,036028";"SawyerW"
5.276;7;6.593;8.653;8.653;2;3;3.612;6;0;3.6;"-93,689801";"42,034988";"SawyerW"
5.276;7;6.887;11.439;11.36;2;2;0;6;1;5.109;"-93,6888";"42,036905";"SawyerW"
5.253;7;6.965;11.019;11.019;2;2;3.118;6;0;3.286;"-93,688804";"42,036038";"SawyerW"
5.253;6;6.681;10.725;10.792;2;4;2.814;6;0;3.175;"-93,687831";"42,035666";"SawyerW"
5.097;6;4.874;8.183;8.227;1;6;0;4;0;5.636;"-93,686264";"42,0347";"SawyerW"
5.187;6;6.907;10.388;10.388;2;3;0;5;0;0;"-93,686278";"42,036466";"SawyerW"
4.914;4;5.144;8.055;8.7;1;12;0;4;0;4.743;"-93,6790752";"42,0365385";"SawyerW"
4.829;5;6.214;8.57;9.544;1;12;0;5;0;3.3;"-93,6790694";"42,0360754";"SawyerW"
5.029;4;5.879;9.749;9.749;1;8;0;5;0;0;"-93,681595";"42,035795";"SawyerW"
5.079;5;5.196;8.632;9.319;1;9;0;6;0;6.155;"-93,681407";"42,035235";"SawyerW"
5.25;6;6.545;8.166;9.377;2;5;5.499;7;1;4.157;"-93,685001";"42,03374";"SawyerW"
5.431;7;6.893;11.356;11.356;1;5;3.991;4;2;0;"-93,685988";"42,032076";"SawyerW"
5.255;6;6.022;10.808;10.808;2;5;2.766;5;1;3.854;"-93,685537";"42,032082";"SawyerW"
5.434;7;7.943;13.936;14.058;2;4;4.589;7;1;2.75;"-93,68341";"42,03254";"SawyerW"
5.332;8;6.511;8.362;9.79;2;3;3.354;8;1;4.047;"-93,68218";"42,030933";"SawyerW"
5.379;8;6.476;10.076;10.138;2;3;0;8;1;0;"-93,682176";"42,030678";"SawyerW"
5.171;5;7.777;9.923;10.517;0;6;4.409;6;2;3.286;"-93,6791456";"42,0312822";"SawyerW"
5.056;5;6;0;11.669;2;6;0;8;0;0;"-93,679781";"42,03057";"SawyerW"
5.431;7;8.591;10.253;10.253;4;2;1.439;8;2;5.299;"-93,679856";"42,030531";"SawyerW"
5.431;7;8.591;10.253;10.253;4;2;1.439;8;2;5.299;"-93,6791251";"42,0310946";"SawyerW"
5.442;7;6.392;10.204;10.305;2;4;3.394;7;1;2.324;"-93,685142";"42,029694";"SawyerW"
5.371;8;7.131;9.353;9.353;2;2;0;7;1;4.5;"-93,639366";"42,049406";"Somerst"
5.33;6;7.754;8.97;8.97;2;1;2.581;9;1;3;"-93,644145";"42,055157";"Somerst"
5.38;7;7.601;11.917;11.917;2;1;3.394;7;1;0;"-93,642108";"42,054415";"Somerst"
5.505;9;8.421;13.094;13.094;2;1;5.213;8;1;0;"-93,642069";"42,054318";"Somerst"
5.357;7;7.061;11.293;11.337;2;0;4.8;6;0;0;"-93,643976";"42,054319";"Somerst"
5.474;8;8.899;9.271;9.271;2;0;5.282;8;1;3.888;"-93,644024";"42,054227";"Somerst"
5.365;7;8.664;12.06;12.06;2;1;4.53;7;0;4.327;"-93,643635";"42,053183";"Somerst"
5.389;8;6.654;11.313;11.353;2;1;4.306;7;1;5.17;"-93,64236";"42,053212";"Somerst"
5.299;8;6.775;11.634;11.634;2;0;2.324;7;0;3.6;"-93,643811";"42,053033";"Somerst"
5.345;8;8.899;11.981;11.981;2;1;4.51;6;1;3.6;"-93,642368";"42,05306";"Somerst"
5.319;6;7.8;10.47;10.47;2;0;0;4;0;0;"-93,65044";"42,051793";"Somerst"
5.431;8;9.605;9.895;9.895;2;1;0;8;1;4.327;"-93,647584";"42,050206";"Somerst"
5.397;8;8.622;12.208;12.208;2;1;0;7;0;0;"-93,643974";"42,052269";"Somerst"
5.531;8;8.674;9.647;9.721;2;0;3;8;1;0;"-93,6430423";"42,0520487";"Somerst"
5.303;6;7.44;8.787;8.787;2;1;0;7;0;0;"-93,642374";"42,051426";"Somerst"
5.417;8;7.312;11.902;11.94;2;0;0;6;1;0;"-93,643792";"42,051377";"Somerst"
5.531;8;7.409;11.925;11.925;3;1;0;8;1;3.783;"-93,639574";"42,051054";"Somerst"
5.267;6;7.175;10.657;10.657;2;0;2.474;5;0;0;"-93,643173";"42,051245";"Somerst"
5.274;7;7.175;10.787;10.821;2;0;0;5;1;4.409;"-93,643977";"42,051224";"Somerst"
5.317;6;7.783;8.818;8.818;2;1;0;7;0;4.409;"-93,639662";"42,050899";"Somerst"
5.279;7;7.275;8.695;8.695;2;2;0;3;0;0;"-93,64614";"42,048086";"Somerst"
5.19;7;6.573;7.348;7.348;2;2;3.286;4;0;0;"-93,645599";"42,048566";"Somerst"
5.179;7;6.573;7.348;6.841;2;1;0;4;0;0;"-93,644891";"42,047665";"Somerst"
5.176;7;6.573;7.348;6.841;2;1;0;4;0;0;"-93,644891";"42,047618";"Somerst"
5.164;7;6.971;7.875;7.954;2;1;0;5;0;0;"-93,644891";"42,047571";"Somerst"
5.462;9;7.275;11.301;11.301;1;2;0;5;1;3.735;"-93,646989";"42,046372";"Somerst"
5.255;6;6.293;8.249;8.249;2;2;6.795;4;0;0;"-93,64566";"42,046144";"Somerst"
5.19;7;6.6;7.915;7.915;2;3;0;6;0;0;"-93,645482";"42,046424";"Somerst"
5.241;8;6.654;8.357;8.292;2;2;6.406;5;0;4.306;"-93,641813";"42,047171";"Somerst"
5.301;8;6.573;9.295;9.305;2;2;6.406;7;0;3.9;"-93,64177";"42,047171";"Somerst"
5.428;8;8.757;12.156;11.297;1;0;0;6;1;3.795;"-93,641253";"42,0470316";"Somerst"
5.405;8;7.299;9.367;9.367;2;2;0;7;1;5.02;"-93,643556";"42,04638";"Somerst"
5.362;7;7.324;11.588;11.588;2;2;0;6;1;4.993;"-93,639516";"42,048606";"Somerst"
5.282;8;6.748;10.733;10.733;2;4;0;5;0;0;"-93,633826";"42,060728";"StoneBr"
5.431;8;7.458;13.623;13.679;2;3;0;9;0;3.888;"-93,631604";"42,060625";"StoneBr"
5.273;8;7.131;10.479;11.063;1;5;0;4;1;2.381;"-93,633245";"42,059242";"StoneBr"
5.66;9;7.765;11.217;11.281;3;0;7.348;11;1;4.047;"-93,629601";"42,060459";"StoneBr"
5.731;8;8.7;12.186;12.333;3;2;7.367;12;1;6.728;"-93,62655";"42,061239";"StoneBr"
5.593;8;7.144;11.301;11.301;2;0;0;7;1;3.55;"-93,630074";"42,058893";"StoneBr"
4.903;5;4.025;8.643;8.894;1;12;0;4;0;0;"-93,655885";"42,028002";"SWISU"
5.196;7;4.705;9.827;9.827;2;1;0;4;0;0;"-93,655786";"42,027997";"SWISU"
5.017;5;4.837;9.981;10.8;2;3;4.274;5;1;0;"-93,655762";"42,022674";"SWISU"
5.133;5;0;8.379;9.178;2;2;0;9;0;0;"-93,655851";"42,0214496";"SWISU"
5.135;6;7.2;10.31;11.185;2;12;0;7;1;5.548;"-93,651785";"42,017413";"SWISU"
5.204;4;0;0;8.808;3;9;0;10;0;0;"-93,6507568";"42,0163944";"SWISU"
5.161;7;4.409;8.803;8.884;2;12;0;6;1;0;"-93,648419";"42,016835";"SWISU"
5.138;6;6.874;8.585;10.998;1;11;6.978;7;1;0;"-93,64978";"42,001246";"Timber"
5.574;7;6.795;13.865;13.537;2;9;0;8;2;0;"-93,652119";"42,00138";"Timber"
5.425;8;6.518;11.526;11.557;2;1;1.697;6;1;3.286;"-93,650561";"41,9941";"Timber"
5.431;8;7.823;8.346;8.346;2;0;2.75;8;1;0;"-93,649471";"41,99353";"Timber"
5.396;8;8.849;12.142;12.171;2;0;4.966;6;1;4.157;"-93,650417";"41,995088";"Timber"
5.398;7;7.897;10.461;10.808;2;3;0;8;0;0;"-93,646172";"41,999342";"Timber"
5.243;6;7.348;11.467;11.654;2;4;4.44;5;1;4.49;"-93,64427";"41,998554";"Timber"
5.273;7;6;10.2;10.336;2;4;3.245;7;1;3.888;"-93,644366";"41,997992";"Timber"
5.31;6;6.163;8.859;8.94;2;2;1.944;7;0;3.6;"-93,646782";"41,997364";"Timber"
5.256;8;6.511;10.678;10.866;2;2;2.782;5;0;4.8;"-93,646791";"41,997126";"Timber"
5.45;8;7.892;13.152;13.152;2;1;8.93;6;1;4.253;"-93,646894";"41,995508";"Timber"
5.628;9;9.099;13.342;13.342;2;1;5.109;7;1;5.265;"-93,651703";"41,992964";"Timber"
5.477;7;7.125;10.491;10.695;2;4;4.948;7;1;0;"-93,661846";"42,037652";"Veenker"
5.39;8;6.708;10.649;10.767;1;3;0;4;2;3.286;"-93,647655";"42,045012";"Veenker"
5.431;8;6.58;11.596;11.596;1;2;0;6;1;0;"-93,648931";"42,044609";"Veenker"
5.256;8;6.887;5.94;11.568;2;7;4.243;5;1;0;"-93,645546";"42,043019";"Veenker"
